Date,Confirmed Cases Barisal,Case Rate Barisal,Deaths Barisal,Death Rate Barisal,Confirmed Cases Chittagong,Case Rate Chittagong,Deaths Chittagong,Death Rate Chittagong,Confirmed Cases Dhaka,Case Rate Dhaka,Deaths Dhaka,Death Rate Dhaka,Confirmed Cases Khulna,Case Rate Khulna,Deaths Khulna,Death Rate Khulna,Confirmed Cases Mymensingh,Case Rate Mymensingh,Deaths Mymensingh,Death Rate Mymensingh,Confirmed Cases Rajshahi,Case Rate Rajshahi,Deaths Rajshahi,Death Rate Rajshahi,Confirmed Cases Rangpur,Case Rate Rangpur,Deaths Rangpur,Death Rate Rangpur,Confirmed Cases Sylhet,Case Rate Sylhet,Deaths Sylhet,Death Rate Sylhet,Confirmed Cases Allover Bangladesh,Case Rate Allover Bangladesh,Deaths Allover Bangladesh,Death Rate Allover Bangladesh
2020-03-06,1,7.0,0,,0,,0,,3,18.0,0,,0,,0,,0,,0,,0,,0,,0,,0,,0,,0,,0,,0,
2020-03-08,1,13.0,0,,1,50.0,0,,55,40.0,0,,0,,0,,0,,0,,1,50.0,0,,0,,0,,0,,0,,0,,0,
2020-03-09,0,,0,,2,33.0,0,,0,,0,,0,,0,,0,,0,,0,,0,,0,,0,,0,,0,,0,,0,
2020-03-18,0,,1,25.0,0,,1,25.0,0,,1,25.0,0,,1,25.0,0,,1,25.0,0,,1,25.0,0,,1,25.0,0,,1,25.0,0,,1,25.0
2020-03-19,0,,0,,0,,0,,1,100.0,0,,0,,0,,0,,0,,0,,0,,0,,0,,0,,0,,0,,0,
2020-03-20,0,,0,,0,,0,,1,100.0,0,,0,,0,,0,,0,,0,,0,,0,,0,,0,,0,,0,,0,
2020-03-21,0,,1,25.0,0,,1,25.0,0,,1,25.0,0,,1,25.0,0,,1,25.0,0,,1,25.0,0,,1,25.0,0,,1,25.0,0,,1,25.0
2020-03-22,0,,0,,0,,0,,1,100.0,0,,0,,0,,0,,0,,0,,0,,0,,0,,0,,0,,0,,0,
2020-03-23,0,,1,16.7,0,,1,16.7,0,,1,16.7,0,,1,16.7,0,,1,16.7,0,,1,16.7,0,,1,16.7,0,,1,16.7,0,,1,16.7
2020-03-24,0,,1,16.7,0,,1,16.7,0,,1,16.7,0,,1,16.7,0,,1,16.7,0,,1,16.7,0,,1,16.7,0,,1,16.7,0,,1,16.7
2020-03-25,0,,1,0.0,0,,1,0.0,1,100.0,1,0.0,0,,1,0.0,0,,1,0.0,0,,1,0.0,0,,1,0.0,0,,1,0.0,0,,1,0.0
2020-03-26,0,,0,,0,,0,,1,100.0,0,5.55,0,,0,,0,,0,,0,,0,,0,,0,,0,,0,,0,,0,
2020-03-27,0,,0,,0,,0,,1,100.0,0,11.1,0,,0,,0,,0,,0,,0,,1,100.0,0,,0,,0,,0,,0,
2020-03-31,0,,0,,0,,0,,1,100.0,0,16.65,0,,0,,0,,0,,0,,0,,0,,0,,0,,0,,0,,0,
2020-04-01,0,,1,33.3,0,,1,33.3,0,,1,33.3,0,,1,33.3,0,,1,33.3,0,,1,33.3,0,,1,33.3,1,100.0,1,33.3,0,,1,33.3
2020-04-03,0,,0,,0,,0,,0,,0,,0,,0,,0,,0,,0,,0,,1,33.0,0,,0,,0,,5,2.0,0,
2020-04-04,0,,2,22.2,0,,2,22.2,17,17.0,2,22.2,0,,2,22.2,0,,2,22.2,0,,2,22.2,0,,2,22.2,1,17.0,2,22.2,9,2.0,2,22.2
2020-04-05,0,,1,5.6,0,,1,5.6,14,54.0,1,5.6,0,,1,5.6,3,16.0,1,5.6,0,,1,5.6,0,,1,5.6,2,100.0,1,5.6,18,5.0,1,5.6
2020-04-06,0,,3,8.6,0,,3,8.6,22,37.0,3,8.6,0,,3,8.6,0,,3,8.6,0,,3,8.6,2,18.0,3,8.6,0,,3,8.6,35,7.0,3,8.6
2020-04-07,0,,5,12.2,2,7.0,5,12.2,36,80.0,5,12.2,0,,5,12.2,0,,5,12.2,0,,5,12.2,4,50.0,5,12.2,0,,5,12.2,41,6.0,5,12.2
2020-04-08,1,25.0,3,5.6,6,23.0,3,5.6,110,50.0,3,5.6,0,,3,5.6,3,9.0,3,5.6,0,,3,5.6,1,13.0,3,5.6,1,3.0,3,5.6,54,6.0,3,5.6
2020-04-09,0,,1,0.9,4,12.0,1,0.9,98,61.0,1,0.9,0,,1,0.9,4,8.0,1,0.9,3,100.0,1,0.9,2,20.0,1,0.9,2,2.0,1,0.9,112,12.0,1,0.9
2020-04-10,0,,6,6.4,9,25.0,6,6.4,55,83.0,6,6.4,2,9.0,6,6.4,3,7.0,6,6.4,1,100.0,6,6.4,1,14.0,6,6.4,1,1.0,6,6.4,94,8.0,6,6.4
2020-04-11,2,13.0,3,5.2,6,50.0,3,5.2,34,69.0,3,5.2,1,3.0,3,5.2,3,75.0,3,5.2,0,,3,5.2,7,58.0,3,5.2,0,,3,5.2,58,6.0,3,5.2
2020-04-12,8,35.0,4,2.9,3,9.0,4,2.9,84,41.0,4,2.9,4,9.0,4,2.9,13,24.0,4,2.9,3,75.0,4,2.9,3,20.0,4,2.9,7,8.0,4,2.9,139,10.0,4,2.9
2020-04-13,8,73.0,5,2.7,8,36.0,5,2.7,129,25.0,5,2.7,5,21.0,5,2.7,15,21.0,5,2.7,8,73.0,5,2.7,4,50.0,5,2.7,1,1.0,5,2.7,182,12.0,5,2.7
2020-04-14,4,44.0,7,3.3,6,17.0,7,3.3,129,40.0,7,3.3,3,5.0,7,3.3,19,16.0,7,3.3,1,50.0,7,3.3,13,38.0,7,3.3,6,7.0,7,3.3,209,11.0,7,3.3
2020-04-15,4,13.0,4,1.8,6,29.0,4,1.8,187,28.0,4,1.8,0,,4,1.8,23,16.0,4,1.8,0,,4,1.8,3,43.0,4,1.8,3,5.0,4,1.8,219,13.0,4,1.8
2020-04-16,8,38.0,10,2.9,12,30.0,10,2.9,245,62.0,10,2.9,2,1.0,10,2.9,22,15.0,10,2.9,1,33.0,10,2.9,0,,10,2.9,2,3.0,10,2.9,341,17.0,10,2.9
2020-04-17,8,40.0,15,5.6,8,18.0,15,5.6,250,33.0,15,5.6,1,1.0,15,5.6,24,15.0,15,5.6,3,100.0,15,5.6,8,44.0,15,5.6,4,5.0,15,5.6,266,12.0,15,5.6
2020-04-18,4,22.0,9,2.9,11,85.0,9,2.9,263,66.0,9,2.9,6,21.0,9,2.9,17,10.0,9,2.9,0,,9,2.9,5,100.0,9,2.9,2,100.0,9,2.9,306,14.0,9,2.9
2020-04-19,6,60.0,7,2.2,8,14.0,7,2.2,344,61.0,7,2.2,6,100.0,7,2.2,23,32.0,7,2.2,1,50.0,7,2.2,3,100.0,7,2.2,3,100.0,7,2.2,312,12.0,7,2.2
2020-04-20,8,36.0,10,2.0,6,18.0,10,2.0,276,53.0,10,2.0,4,100.0,10,2.0,33,16.0,10,2.0,6,75.0,10,2.0,11,100.0,10,2.0,12,100.0,10,2.0,492,18.0,10,2.0
2020-04-21,8,27.0,9,2.1,7,54.0,9,2.1,282,47.0,9,2.1,7,100.0,9,2.1,37,29.0,9,2.1,3,100.0,9,2.1,5,63.0,9,2.1,10,77.0,9,2.1,434,15.0,9,2.1
2020-04-22,6,29.0,10,2.6,6,75.0,10,2.6,215,78.0,10,2.6,9,100.0,10,2.6,6,100.0,10,2.6,0,,10,2.6,10,83.0,10,2.6,20,100.0,10,2.6,390,13.0,10,2.6
2020-04-23,8,33.0,7,1.7,8,13.0,7,1.7,157,69.0,7,1.7,4,100.0,7,1.7,8,80.0,7,1.7,2,67.0,7,1.7,10,71.0,7,1.7,20,91.0,7,1.7,414,12.0,7,1.7
2020-04-24,21,55.0,4,0.8,10,16.0,4,0.8,304,77.0,4,0.8,11,16.0,4,0.8,37,97.0,4,0.8,6,75.0,4,0.8,18,100.0,4,0.8,12,17.0,4,0.8,503,14.0,4,0.8
2020-04-25,7,29.0,9,2.9,3,6.0,9,2.9,183,61.0,9,2.9,2,3.0,9,2.9,12,100.0,9,2.9,41,11.0,9,2.9,6,17.0,9,2.9,10,16.0,9,2.9,309,9.0,9,2.9
2020-04-26,7,29.0,5,1.2,5,6.0,5,1.2,322,43.0,5,1.2,12,8.0,5,1.2,33,97.0,5,1.2,16,94.0,5,1.2,11,69.0,5,1.2,60,26.0,5,1.2,418,12.0,5,1.2
2020-04-27,9,15.0,7,1.4,22,28.0,7,1.4,277,66.0,7,1.4,2,6.0,7,1.4,30,100.0,7,1.4,6,12.0,7,1.4,25,96.0,7,1.4,35,40.0,7,1.4,497,13.0,7,1.4
2020-04-28,3,25.0,3,0.5,55,30.0,3,0.5,391,73.0,3,0.5,5,100.0,3,0.5,23,96.0,3,0.5,5,100.0,3,0.5,8,11.0,3,0.5,12,23.0,3,0.5,549,13.0,3,0.5
2020-04-29,10,30.0,8,1.2,43,38.0,8,1.2,505,46.0,8,1.2,5,26.0,8,1.2,24,26.0,8,1.2,4,5.0,8,1.2,4,100.0,8,1.2,4,15.0,8,1.2,641,13.0,8,1.2
2020-04-30,2,5.0,5,0.9,31,13.0,5,0.9,489,52.0,5,0.9,8,80.0,5,0.9,18,86.0,5,0.9,30,77.0,5,0.9,4,80.0,5,0.9,19,9.0,5,0.9,564,11.0,5,0.9
2020-05-01,2,3.0,2,0.4,12,7.0,2,0.4,445,55.0,2,0.4,3,75.0,2,0.4,8,89.0,2,0.4,2,100.0,2,0.4,2,100.0,2,0.4,13,18.0,2,0.4,571,10.0,2,0.4
2020-05-02,6,8.0,5,0.9,15,12.0,5,0.9,320,43.0,5,0.9,5,5.0,5,0.9,25,93.0,5,0.9,2,100.0,5,0.9,13,28.0,5,0.9,4,1.0,5,0.9,552,9.0,5,0.9
2020-05-03,7,6.0,2,0.3,16,4.0,2,0.3,297,29.0,2,0.3,1,1.0,2,0.3,23,96.0,2,0.3,1,4.0,2,0.3,2,50.0,2,0.3,4,80.0,2,0.3,665,12.0,2,0.3
2020-05-04,7,8.0,5,0.7,6,5.0,5,0.7,315,28.0,5,0.7,2,1.0,5,0.7,3,60.0,5,0.7,2,4.0,5,0.7,4,67.0,5,0.7,3,5.0,5,0.7,688,11.0,5,0.7
2020-05-05,5,3.0,1,0.1,27,13.0,1,0.1,294,26.0,1,0.1,9,8.0,1,0.1,37,90.0,1,0.1,13,4.0,1,0.1,16,89.0,1,0.1,10,53.0,1,0.1,786,14.0,1,0.1
2020-05-06,4,3.0,3,0.4,17,8.0,3,0.4,275,21.0,3,0.4,1,2.0,3,0.4,6,43.0,3,0.4,1,3.0,3,0.4,4,80.0,3,0.4,2,1.0,3,0.4,790,13.0,3,0.4
2020-05-07,0,,13,1.8,13,4.0,13,1.8,240,22.0,13,1.8,1,5.0,13,1.8,25,13.0,13,1.8,37,5.0,13,1.8,11,100.0,13,1.8,3,2.0,13,1.8,706,12.0,13,1.8
2020-05-08,12,23.0,7,1.0,3,2.0,7,1.0,396,37.0,7,1.0,1,1.0,7,1.0,14,78.0,7,1.0,5,4.0,7,1.0,8,11.0,7,1.0,8,15.0,7,1.0,709,12.0,7,1.0
2020-05-09,4,6.0,8,1.3,10,10.0,8,1.3,269,42.0,8,1.3,1,2.0,8,1.3,21,100.0,8,1.3,22,13.0,8,1.3,3,27.0,8,1.3,7,1.0,8,1.3,636,12.0,8,1.3
2020-05-10,7,9.0,14,1.6,0,,14,1.6,208,17.0,14,1.6,1,4.0,14,1.6,13,68.0,14,1.6,30,16.0,14,1.6,3,100.0,14,1.6,16,4.0,14,1.6,887,16.0,14,1.6
2020-05-11,3,30.0,11,1.1,1,17.0,11,1.1,222,30.0,11,1.1,0,,11,1.1,25,89.0,11,1.1,2,2.0,11,1.1,0,,11,1.1,3,17.0,11,1.1,1034,14.0,11,1.1
2020-05-12,6,7.0,11,1.1,27,9.0,11,1.1,84,15.0,11,1.1,12,32.0,11,1.1,6,100.0,11,1.1,1,4.0,11,1.1,0,,11,1.1,12,6.0,11,1.1,969,14.0,11,1.1
2020-05-13,0,,19,1.6,3,4.0,19,1.6,122,15.0,19,1.6,0,,19,1.6,19,90.0,19,1.6,0,,19,1.6,1,100.0,19,1.6,8,50.0,19,1.6,1162,15.0,19,1.6
2020-05-14,0,,14,1.3,4,5.0,14,1.3,145,22.0,14,1.3,1,33.0,14,1.3,22,96.0,14,1.3,2,3.0,14,1.3,0,,14,1.3,0,,14,1.3,1041,14.0,14,1.3
2020-05-15,0,,15,1.2,11,11.0,15,1.2,69,15.0,15,1.2,1,100.0,15,1.2,11,100.0,15,1.2,0,,15,1.2,54,13.0,15,1.2,15,7.0,15,1.2,1202,14.0,15,1.2
2020-05-16,14,5.0,16,1.7,35,12.0,16,1.7,296,23.0,16,1.7,10,26.0,16,1.7,32,89.0,16,1.7,16,8.0,16,1.7,11,4.0,16,1.7,27,5.0,16,1.7,930,14.0,16,1.7
2020-05-17,15,5.0,14,1.1,58,11.0,14,1.1,163,14.0,14,1.1,6,8.0,14,1.1,86,16.0,14,1.1,6,3.0,14,1.1,5,5.0,14,1.1,16,9.0,14,1.1,1273,16.0,14,1.1
2020-05-18,10,13.0,21,1.3,70,16.0,21,1.3,277,27.0,21,1.3,4,6.0,21,1.3,26,4.0,21,1.3,19,6.0,21,1.3,9,9.0,21,1.3,10,11.0,21,1.3,1602,16.0,21,1.3
2020-05-19,30,17.0,21,1.7,69,19.0,21,1.7,382,16.0,21,1.7,0,,21,1.7,31,10.0,21,1.7,10,5.0,21,1.7,9,8.0,21,1.7,25,8.0,21,1.7,1251,15.0,21,1.7
2020-05-20,3,2.0,16,1.0,97,20.0,16,1.0,263,27.0,16,1.0,7,4.0,16,1.0,65,18.0,16,1.0,45,9.0,16,1.0,21,9.0,16,1.0,32,9.0,16,1.0,1617,16.0,16,1.0
2020-05-21,24,10.0,22,1.2,78,16.0,22,1.2,483,29.0,22,1.2,9,6.0,22,1.2,37,10.0,22,1.2,1,20.0,22,1.2,1,17.0,22,1.2,13,6.0,22,1.2,1773,17.0,22,1.2
2020-05-22,14,12.0,24,1.4,80,15.0,24,1.4,264,24.0,24,1.4,11,6.0,24,1.4,32,94.0,24,1.4,42,11.0,24,1.4,0,,24,1.4,41,20.0,24,1.4,1694,17.0,24,1.4
2020-05-23,10,3.0,20,1.1,113,18.0,20,1.1,368,23.0,20,1.1,13,4.0,20,1.1,23,7.0,20,1.1,34,18.0,20,1.1,17,9.0,20,1.1,17,8.0,20,1.1,1873,17.0,20,1.1
2020-05-24,34,17.0,28,1.8,108,30.0,28,1.8,604,24.0,28,1.8,7,4.0,28,1.8,34,11.0,28,1.8,12,8.0,28,1.8,26,15.0,28,1.8,35,8.0,28,1.8,1532,17.0,28,1.8
2020-05-25,21,22.0,21,1.1,53,20.0,21,1.1,239,20.0,21,1.1,1,100.0,21,1.1,3,1.0,21,1.1,9,9.0,21,1.1,16,10.0,21,1.1,21,10.0,21,1.1,1975,21.0,21,1.1
2020-05-26,17,9.0,21,1.8,104,10.0,21,1.8,287,25.0,21,1.8,9,3.0,21,1.8,17,6.0,21,1.8,18,10.0,21,1.8,33,10.0,21,1.8,18,10.0,21,1.8,1166,22.0,21,1.8
2020-05-27,20,6.0,22,1.4,159,19.0,22,1.4,329,25.0,22,1.4,16,8.0,22,1.4,17,5.0,22,1.4,49,27.0,22,1.4,40,15.0,22,1.4,45,25.0,22,1.4,1541,19.0,22,1.4
2020-05-28,11,10.0,15,0.7,127,28.0,15,0.7,666,32.0,15,0.7,29,9.0,15,0.7,41,98.0,15,0.7,37,20.0,15,0.7,27,15.0,15,0.7,48,28.0,15,0.7,2029,22.0,15,0.7
2020-05-29,54,14.0,23,0.9,194,17.0,23,0.9,500,23.0,23,0.9,24,9.0,23,0.9,26,96.0,23,0.9,45,16.0,23,0.9,52,17.0,23,0.9,26,15.0,23,0.9,2523,22.0,23,0.9
2020-05-30,54,19.0,28,1.6,74,17.0,28,1.6,510,16.0,28,1.6,21,9.0,28,1.6,50,17.0,28,1.6,67,12.0,28,1.6,79,10.0,28,1.6,100,18.0,28,1.6,1764,18.0,28,1.6
2020-05-31,68,21.0,40,1.6,100,19.0,40,1.6,528,22.0,40,1.6,36,9.0,40,1.6,51,13.0,40,1.6,30,20.0,40,1.6,29,8.0,40,1.6,20,10.0,40,1.6,2545,21.0,40,1.6
2020-06-01,63,14.0,22,0.9,180,24.0,22,0.9,457,22.0,22,0.9,21,7.0,22,0.9,93,25.0,22,0.9,38,19.0,22,0.9,48,14.0,22,0.9,48,27.0,22,0.9,2381,21.0,22,0.9
2020-06-02,57,16.0,37,1.3,383,24.0,37,1.3,690,23.0,37,1.3,42,10.0,37,1.3,43,14.0,37,1.3,89,14.0,37,1.3,41,12.0,37,1.3,40,9.0,37,1.3,2911,23.0,37,1.3
2020-06-03,66,11.0,37,1.4,227,22.0,37,1.4,576,19.0,37,1.4,39,10.0,37,1.4,0,,37,1.4,35,11.0,37,1.4,42,11.0,37,1.4,69,27.0,37,1.4,2695,22.0,37,1.4
2020-06-04,94,14.0,35,1.4,336,24.0,35,1.4,718,22.0,35,1.4,41,11.0,35,1.4,48,9.0,35,1.4,58,23.0,35,1.4,29,8.0,35,1.4,79,21.0,35,1.4,2423,19.0,35,1.4
2020-06-05,59,13.0,30,1.1,366,23.0,30,1.1,675,22.0,30,1.1,32,9.0,30,1.1,71,13.0,30,1.1,86,16.0,30,1.1,28,8.0,30,1.1,51,26.0,30,1.1,2828,20.0,30,1.1
2020-06-06,82,16.0,35,1.3,311,24.0,35,1.3,516,22.0,35,1.3,48,14.0,35,1.3,71,10.0,35,1.3,95,24.0,35,1.3,47,13.0,35,1.3,68,37.0,35,1.3,2635,21.0,35,1.3
2020-06-07,1,9.0,42,1.5,187,20.0,42,1.5,595,24.0,42,1.5,74,14.0,42,1.5,66,9.0,42,1.5,68,22.0,42,1.5,36,10.0,42,1.5,38,19.0,42,1.5,2743,21.0,42,1.5
2020-06-08,96,42.0,42,1.5,422,22.0,42,1.5,652,24.0,42,1.5,98,18.0,42,1.5,28,5.0,42,1.5,100,26.0,42,1.5,49,13.0,42,1.5,61,32.0,42,1.5,2735,21.0,42,1.5
2020-06-09,47,25.0,45,1.4,385,22.0,45,1.4,480,20.0,45,1.4,60,8.0,45,1.4,99,14.0,45,1.4,57,22.0,45,1.4,94,23.0,45,1.4,51,43.0,45,1.4,3171,22.0,45,1.4
2020-06-10,82,38.0,37,1.2,359,26.0,37,1.2,754,20.0,37,1.2,108,13.0,37,1.2,45,6.0,37,1.2,148,21.0,37,1.2,49,13.0,37,1.2,63,52.0,37,1.2,3190,20.0,37,1.2
2020-06-11,74,36.0,37,1.2,419,25.0,37,1.2,748,21.0,37,1.2,91,14.0,37,1.2,60,8.0,37,1.2,112,40.0,37,1.2,67,18.0,37,1.2,93,16.0,37,1.2,3187,20.0,37,1.2
2020-06-12,123,22.0,46,1.3,256,28.0,46,1.3,1001,23.0,46,1.3,114,14.0,46,1.3,86,12.0,46,1.3,77,25.0,46,1.3,58,12.0,46,1.3,129,26.0,46,1.3,3471,22.0,46,1.3
2020-06-13,91,16.0,44,1.5,419,26.0,44,1.5,937,25.0,44,1.5,127,21.0,44,1.5,34,10.0,44,1.5,165,26.0,44,1.5,64,16.0,44,1.5,3,13.0,44,1.5,2856,17.0,44,1.5
2020-06-14,93,32.0,32,1.0,364,26.0,32,1.0,694,24.0,32,1.0,74,12.0,32,1.0,54,9.0,32,1.0,240,51.0,32,1.0,53,14.0,32,1.0,8,53.0,32,1.0,3141,22.0,32,1.0
2020-06-15,142,19.0,38,1.2,428,29.0,38,1.2,777,23.0,38,1.2,137,19.0,38,1.2,21,18.0,38,1.2,133,33.0,38,1.2,61,16.0,38,1.2,70,23.0,38,1.2,3099,21.0,38,1.2
2020-06-16,92,22.0,53,1.4,553,31.0,53,1.4,1243,28.0,53,1.4,117,18.0,53,1.4,14,2.0,53,1.4,107,38.0,53,1.4,48,13.0,53,1.4,45,23.0,53,1.4,3862,22.0,53,1.4
2020-06-17,98,42.0,43,1.1,640,24.0,43,1.1,1095,24.0,43,1.1,190,26.0,43,1.1,4,29.0,43,1.1,191,34.0,43,1.1,62,16.0,43,1.1,84,31.0,43,1.1,4008,23.0,43,1.1
2020-06-18,81,33.0,38,1.0,363,24.0,38,1.0,1112,29.0,38,1.0,159,24.0,38,1.0,7,24.0,38,1.0,157,30.0,38,1.0,52,14.0,38,1.0,57,20.0,38,1.0,3803,23.0,38,1.0
2020-06-19,72,35.0,45,1.4,485,29.0,45,1.4,1094,29.0,45,1.4,178,30.0,45,1.4,3,2.0,45,1.4,96,21.0,45,1.4,58,15.0,45,1.4,119,47.0,45,1.4,3243,22.0,45,1.4
2020-06-20,93,54.0,37,1.1,491,37.0,37,1.1,1269,32.0,37,1.1,255,29.0,37,1.1,147,24.0,37,1.1,222,35.0,37,1.1,45,11.0,37,1.1,37,18.0,37,1.1,3240,23.0,37,1.1
2020-06-21,85,37.0,39,1.1,564,29.0,39,1.1,1091,29.0,39,1.1,230,38.0,39,1.1,113,25.0,39,1.1,167,18.0,39,1.1,60,15.0,39,1.1,158,35.0,39,1.1,3531,23.0,39,1.1
2020-06-22,102,34.0,38,1.1,707,26.0,38,1.1,1342,30.0,38,1.1,180,40.0,38,1.1,159,19.0,38,1.1,240,23.0,38,1.1,35,15.0,38,1.1,94,21.0,38,1.1,3480,22.0,38,1.1
2020-06-23,64,27.0,43,1.3,675,28.0,43,1.3,1293,26.0,43,1.3,235,29.0,43,1.3,120,19.0,43,1.3,197,22.0,43,1.3,23,33.0,43,1.3,63,24.0,43,1.3,3412,21.0,43,1.3
2020-06-24,99,29.0,37,1.1,633,25.0,37,1.1,1160,28.0,37,1.1,295,32.0,37,1.1,145,16.0,37,1.1,177,47.0,37,1.1,49,54.0,37,1.1,107,45.0,37,1.1,3462,21.0,37,1.1
2020-06-25,78,30.0,39,1.0,680,25.0,39,1.0,1456,27.0,39,1.0,202,31.0,39,1.0,40,7.0,39,1.0,335,20.0,39,1.0,73,42.0,39,1.0,133,24.0,39,1.0,3946,22.0,39,1.0
2020-06-26,127,19.0,40,1.0,555,26.0,40,1.0,1013,27.0,40,1.0,248,29.0,40,1.0,39,12.0,40,1.0,217,20.0,40,1.0,50,22.0,40,1.0,157,27.0,40,1.0,3868,21.0,40,1.0
2020-06-27,108,24.0,34,1.0,359,23.0,34,1.0,1641,32.0,34,1.0,263,33.0,34,1.0,73,6.0,34,1.0,238,28.0,34,1.0,62,29.0,34,1.0,194,32.0,34,1.0,3504,23.0,34,1.0
2020-06-28,119,23.0,43,1.1,515,26.0,43,1.1,1523,28.0,43,1.1,168,36.0,43,1.1,209,22.0,43,1.1,257,26.0,43,1.1,80,31.0,43,1.1,97,18.0,43,1.1,3809,21.0,43,1.1
2020-06-29,126,26.0,45,1.1,471,22.0,45,1.1,1640,28.0,45,1.1,199,33.0,45,1.1,89,9.0,45,1.1,213,22.0,45,1.1,70,26.0,45,1.1,210,27.0,45,1.1,4014,23.0,45,1.1
2020-06-30,103,21.0,64,1.7,493,28.0,64,1.7,1345,25.0,64,1.7,291,36.0,64,1.7,47,7.0,64,1.7,427,19.0,64,1.7,64,14.0,64,1.7,266,19.0,64,1.7,3682,20.0,64,1.7
2020-07-01,72,26.0,41,1.1,611,31.0,41,1.1,1365,23.0,41,1.1,272,38.0,41,1.1,119,18.0,41,1.1,324,20.0,41,1.1,293,18.0,41,1.1,179,26.0,41,1.1,3775,21.0,41,1.1
2020-07-02,88,18.0,38,0.9,496,23.0,38,0.9,1071,25.0,38,0.9,532,65.0,38,0.9,48,9.0,38,0.9,247,24.0,38,0.9,136,17.0,38,0.9,114,26.0,38,0.9,4019,22.0,38,0.9
2020-07-03,114,20.0,42,1.3,386,21.0,42,1.3,1110,27.0,42,1.3,325,31.0,42,1.3,115,21.0,42,1.3,180,23.0,42,1.3,144,20.0,42,1.3,200,33.0,42,1.3,3114,21.0,42,1.3
2020-07-04,119,31.0,29,0.9,362,22.0,29,0.9,903,23.0,29,0.9,180,28.0,29,0.9,48,13.0,29,0.9,217,12.0,29,0.9,85,21.0,29,0.9,28,17.0,29,0.9,3288,22.0,29,0.9
2020-07-05,115,25.0,55,2.0,490,24.0,55,2.0,1089,24.0,55,2.0,175,27.0,55,2.0,45,16.0,55,2.0,242,21.0,55,2.0,103,23.0,55,2.0,99,20.0,55,2.0,2738,20.0,55,2.0
2020-07-06,131,34.0,44,1.4,481,22.0,44,1.4,993,22.0,44,1.4,230,37.0,44,1.4,62,11.0,44,1.4,177,23.0,44,1.4,78,19.0,44,1.4,73,21.0,44,1.4,3201,22.0,44,1.4
2020-07-07,88,30.0,55,1.8,467,21.0,55,1.8,1179,23.0,55,1.8,392,25.0,55,1.8,58,14.0,55,1.8,144,24.0,55,1.8,82,23.0,55,1.8,162,23.0,55,1.8,3027,23.0,55,1.8
2020-07-08,116,27.0,46,1.3,394,21.0,46,1.3,1288,24.0,46,1.3,349,26.0,46,1.3,42,8.0,46,1.3,182,23.0,46,1.3,135,17.0,46,1.3,76,27.0,46,1.3,3489,22.0,46,1.3
2020-07-09,97,29.0,41,1.2,459,24.0,41,1.2,1051,25.0,41,1.2,288,33.0,41,1.2,69,12.0,41,1.2,271,18.0,41,1.2,117,30.0,41,1.2,148,23.0,41,1.2,3360,21.0,41,1.2
2020-07-10,101,30.0,37,1.3,311,19.0,37,1.3,946,25.0,37,1.3,227,34.0,37,1.3,57,14.0,37,1.3,165,28.0,37,1.3,90,24.0,37,1.3,44,25.0,37,1.3,2949,22.0,37,1.3
2020-07-11,116,31.0,30,1.1,297,29.0,30,1.1,986,26.0,30,1.1,229,36.0,30,1.1,39,14.0,30,1.1,218,28.0,30,1.1,113,29.0,30,1.1,78,20.0,30,1.1,2686,24.0,30,1.1
2020-07-12,85,25.0,47,1.8,426,22.0,47,1.8,1385,26.0,47,1.8,270,26.0,47,1.8,38,14.0,47,1.8,236,32.0,47,1.8,95,31.0,47,1.8,68,26.0,47,1.8,2666,24.0,47,1.8
2020-07-13,73,23.0,39,1.3,409,23.0,39,1.3,1344,24.0,39,1.3,329,39.0,39,1.3,70,15.0,39,1.3,304,26.0,39,1.3,87,22.0,39,1.3,67,17.0,39,1.3,3099,25.0,39,1.3
2020-07-14,125,27.0,33,1.0,581,26.0,33,1.0,1394,25.0,33,1.0,326,40.0,33,1.0,69,15.0,33,1.0,269,24.0,33,1.0,134,23.0,33,1.0,115,34.0,33,1.0,3163,24.0,33,1.0
2020-07-15,83,27.0,33,0.9,367,21.0,33,0.9,1230,23.0,33,0.9,241,30.0,33,0.9,56,13.0,33,0.9,198,21.0,33,0.9,128,32.0,33,0.9,182,39.0,33,0.9,3533,25.0,33,0.9
2020-07-16,139,31.0,39,1.4,459,23.0,39,1.4,1098,23.0,39,1.4,297,33.0,39,1.4,59,13.0,39,1.4,367,23.0,39,1.4,142,30.0,39,1.4,206,54.0,39,1.4,2733,21.0,39,1.4
2020-07-17,97,33.0,51,1.7,336,23.0,51,1.7,742,25.0,51,1.7,249,40.0,51,1.7,81,21.0,51,1.7,219,30.0,51,1.7,110,29.0,51,1.7,39,19.0,51,1.7,3034,23.0,51,1.7
2020-07-18,148,33.0,34,1.3,316,25.0,34,1.3,1157,26.0,34,1.3,235,38.0,34,1.3,29,11.0,34,1.3,204,19.0,34,1.3,130,34.0,34,1.3,9,3.0,34,1.3,2709,25.0,34,1.3
2020-07-19,91,30.0,37,1.5,378,21.0,37,1.5,1326,26.0,37,1.5,230,26.0,37,1.5,73,19.0,37,1.5,334,27.0,37,1.5,117,30.0,37,1.5,76,21.0,37,1.5,2459,23.0,37,1.5
2020-07-20,108,35.0,50,1.7,416,18.0,50,1.7,1388,25.0,50,1.7,286,38.0,50,1.7,67,16.0,50,1.7,310,26.0,50,1.7,89,21.0,50,1.7,93,14.0,50,1.7,2928,22.0,50,1.7
2020-07-21,91,25.0,41,1.3,310,19.0,41,1.3,1192,23.0,41,1.3,261,43.0,41,1.3,63,12.0,41,1.3,273,27.0,41,1.3,123,31.0,41,1.3,72,23.0,41,1.3,3057,24.0,41,1.3
2020-07-22,129,32.0,42,1.5,373,19.0,42,1.5,1377,25.0,42,1.5,280,29.0,42,1.5,28,8.0,42,1.5,272,27.0,42,1.5,126,33.0,42,1.5,63,28.0,42,1.5,2744,23.0,42,1.5
2020-07-23,84,20.0,50,1.8,382,20.0,50,1.8,929,20.0,50,1.8,192,31.0,50,1.8,59,15.0,50,1.8,366,27.0,50,1.8,121,29.0,50,1.8,112,21.0,50,1.8,2856,23.0,50,1.8
2020-07-24,92,28.0,35,1.4,391,24.0,35,1.4,994,25.0,35,1.4,264,28.0,35,1.4,47,13.0,35,1.4,287,26.0,35,1.4,112,27.0,35,1.4,97,20.0,35,1.4,2548,21.0,35,1.4
2020-07-25,51,14.0,38,1.5,422,23.0,38,1.5,1326,23.0,38,1.5,280,36.0,38,1.5,32,8.0,38,1.5,236,22.0,38,1.5,118,29.0,38,1.5,77,19.0,38,1.5,2520,24.0,38,1.5
2020-07-26,78,58.0,54,2.4,254,16.0,54,2.4,1126,24.0,54,2.4,224,41.0,54,2.4,25,32.0,54,2.4,258,24.0,54,2.4,158,24.0,54,2.4,152,20.0,54,2.4,2275,23.0,54,2.4
2020-07-27,112,33.0,37,1.3,326,19.0,37,1.3,1074,23.0,37,1.3,172,25.0,37,1.3,37,11.0,37,1.3,323,25.0,37,1.3,127,31.0,37,1.3,45,16.0,37,1.3,2772,22.0,37,1.3
2020-07-28,80,20.0,35,1.2,415,19.0,35,1.2,1345,24.0,35,1.2,287,34.0,35,1.2,47,12.0,35,1.2,348,22.0,35,1.2,134,32.0,35,1.2,77,18.0,35,1.2,2960,23.0,35,1.2
2020-07-29,110,31.0,35,1.2,381,20.0,35,1.2,1365,23.0,35,1.2,274,33.0,35,1.2,23,6.0,35,1.2,181,21.0,35,1.2,96,27.0,35,1.2,67,15.0,35,1.2,3009,21.0,35,1.2
2020-07-30,81,24.0,48,1.8,305,18.0,48,1.8,1304,26.0,48,1.8,215,36.0,48,1.8,65,16.0,48,1.8,270,23.0,48,1.8,104,28.0,48,1.8,82,15.0,48,1.8,2695,21.0,48,1.8
2020-07-31,81,25.0,28,1.0,279,18.0,28,1.0,835,26.0,28,1.0,244,32.0,28,1.0,33,16.0,28,1.0,270,26.0,28,1.0,92,31.0,28,1.0,90,20.0,28,1.0,2772,22.0,28,1.0
2020-08-01,23,15.0,21,1.0,66,17.0,21,1.0,251,22.0,21,1.0,230,56.0,21,1.0,26,17.0,21,1.0,112,27.0,21,1.0,51,24.0,21,1.0,76,23.0,21,1.0,2199,25.0,21,1.0
2020-08-02,11,24.0,22,2.5,89,20.0,22,2.5,719,33.0,22,2.5,149,39.0,22,2.5,21,21.0,22,2.5,156,39.0,22,2.5,105,36.0,22,2.5,70,24.0,22,2.5,886,24.0,22,2.5
2020-08-03,52,31.0,30,2.2,229,25.0,30,2.2,878,26.0,30,2.2,82,31.0,30,2.2,26,21.0,30,2.2,111,33.0,30,2.2,84,27.0,30,2.2,59,20.0,30,2.2,1356,32.0,30,2.2
2020-08-04,85,25.0,50,2.6,349,21.0,50,2.6,1173,24.0,50,2.6,179,34.0,50,2.6,61,15.0,50,2.6,160,30.0,50,2.6,149,38.0,50,2.6,77,21.0,50,2.6,1918,25.0,50,2.6
2020-08-05,45,16.0,33,1.2,463,18.0,33,1.2,1308,22.0,33,1.2,328,36.0,33,1.2,40,14.0,33,1.2,188,32.0,33,1.2,137,44.0,33,1.2,79,17.0,33,1.2,2654,24.0,33,1.2
2020-08-06,90,26.0,39,1.3,342,17.0,39,1.3,1266,21.0,39,1.3,324,37.0,39,1.3,81,17.0,39,1.3,340,28.0,39,1.3,116,40.0,39,1.3,113,21.0,39,1.3,2977,23.0,39,1.3
2020-08-07,79,22.0,27,0.9,321,17.0,27,0.9,993,24.0,27,0.9,325,42.0,27,0.9,73,19.0,27,0.9,219,23.0,27,0.9,158,34.0,27,0.9,94,19.0,27,0.9,2851,22.0,27,0.9
2020-08-08,43,18.0,32,1.2,341,25.0,32,1.2,1213,23.0,32,1.2,257,33.0,32,1.2,40,15.0,32,1.2,163,25.0,32,1.2,158,33.0,32,1.2,86,22.0,32,1.2,2611,22.0,32,1.2
2020-08-09,100,30.0,34,1.4,554,23.0,34,1.4,1457,22.0,34,1.4,327,41.0,34,1.4,71,18.0,34,1.4,193,25.0,34,1.4,146,29.0,34,1.4,26,11.0,34,1.4,2487,23.0,34,1.4
2020-08-10,92,25.0,39,1.3,381,18.0,39,1.3,1452,21.0,39,1.3,262,32.0,39,1.3,104,20.0,39,1.3,243,23.0,39,1.3,143,29.0,39,1.3,171,22.0,39,1.3,2907,23.0,39,1.3
2020-08-11,76,22.0,33,1.1,416,20.0,33,1.1,1317,22.0,33,1.1,305,36.0,33,1.1,71,15.0,33,1.1,284,15.0,33,1.1,98,26.0,33,1.1,149,24.0,33,1.1,2996,20.0,33,1.1
2020-08-12,78,23.0,42,1.4,300,15.0,42,1.4,1201,20.0,42,1.4,276,35.0,42,1.4,70,19.0,42,1.4,193,19.0,42,1.4,154,16.0,42,1.4,140,26.0,42,1.4,2995,20.0,42,1.4
2020-08-13,74,20.0,44,1.7,412,18.0,44,1.7,1286,19.0,44,1.7,186,31.0,44,1.7,81,20.0,44,1.7,244,22.0,44,1.7,154,34.0,44,1.7,120,21.0,44,1.7,2617,20.0,44,1.7
2020-08-14,85,25.0,34,1.2,281,13.0,34,1.2,995,26.0,34,1.2,251,30.0,34,1.2,68,19.0,34,1.2,247,23.0,34,1.2,152,33.0,34,1.2,56,12.0,34,1.2,2766,22.0,34,1.2
2020-08-15,45,21.0,34,1.3,237,18.0,34,1.3,923,22.0,34,1.3,193,31.0,34,1.3,22,11.0,34,1.3,205,19.0,34,1.3,316,19.0,34,1.3,73,16.0,34,1.3,2644,21.0,34,1.3
2020-08-16,51,19.0,32,1.6,298,17.0,32,1.6,1119,21.0,32,1.6,204,31.0,32,1.6,62,18.0,32,1.6,311,22.0,32,1.6,111,29.0,32,1.6,75,21.0,32,1.6,2024,20.0,32,1.6
2020-08-17,74,20.0,37,1.4,390,16.0,37,1.4,1316,20.0,37,1.4,256,33.0,37,1.4,57,16.0,37,1.4,219,22.0,37,1.4,152,30.0,37,1.4,91,18.0,37,1.4,2595,21.0,37,1.4
2020-08-18,68,20.0,46,1.4,330,14.0,46,1.4,1374,23.0,46,1.4,180,24.0,46,1.4,38,10.0,46,1.4,210,13.0,46,1.4,142,29.0,46,1.4,161,23.0,46,1.4,3200,22.0,46,1.4
2020-08-19,89,23.0,41,1.5,321,13.0,41,1.5,1353,21.0,41,1.5,274,28.0,41,1.5,56,14.0,41,1.5,221,20.0,41,1.5,150,22.0,41,1.5,101,18.0,41,1.5,2747,19.0,41,1.5
2020-08-20,58,19.0,41,1.4,299,13.0,41,1.4,1202,21.0,41,1.4,164,30.0,41,1.4,58,12.0,41,1.4,213,12.0,41,1.4,128,23.0,41,1.4,133,23.0,41,1.4,2868,20.0,41,1.4
2020-08-21,73,25.0,39,1.6,240,14.0,39,1.6,869,23.0,39,1.6,360,20.0,39,1.6,54,15.0,39,1.6,187,10.0,39,1.6,127,38.0,39,1.6,123,21.0,39,1.6,2401,19.0,39,1.6
2020-08-22,33,22.0,46,2.0,228,19.0,46,2.0,1080,21.0,46,2.0,218,26.0,46,2.0,47,16.0,46,2.0,173,12.0,46,2.0,144,29.0,46,2.0,57,21.0,46,2.0,2265,20.0,46,2.0
2020-08-23,39,13.0,34,1.7,344,16.0,34,1.7,1179,21.0,34,1.7,307,27.0,34,1.7,35,13.0,34,1.7,195,19.0,34,1.7,119,23.0,34,1.7,113,24.0,34,1.7,1973,18.0,34,1.7
2020-08-24,93,24.0,42,1.7,291,14.0,42,1.7,1219,20.0,42,1.7,174,27.0,42,1.7,45,11.0,42,1.7,184,14.0,42,1.7,126,24.0,42,1.7,96,14.0,42,1.7,2485,19.0,42,1.7
2020-08-25,59,17.0,45,1.8,234,12.0,45,1.8,1166,20.0,45,1.8,212,29.0,45,1.8,30,8.0,45,1.8,225,14.0,45,1.8,140,29.0,45,1.8,138,21.0,45,1.8,2545,18.0,45,1.8
2020-08-26,84,22.0,54,2.1,248,10.0,54,2.1,1173,19.0,54,2.1,226,27.0,54,2.1,24,8.0,54,2.1,163,12.0,54,2.1,139,28.0,54,2.1,85,18.0,54,2.1,2519,17.0,54,2.1
2020-08-27,62,18.0,45,1.8,287,13.0,45,1.8,1122,18.0,45,1.8,204,26.0,45,1.8,41,10.0,45,1.8,182,21.0,45,1.8,102,20.0,45,1.8,125,24.0,45,1.8,2436,16.0,45,1.8
2020-08-28,71,21.0,47,2.1,194,10.0,47,2.1,751,23.0,47,2.1,252,31.0,47,2.1,57,19.0,47,2.1,183,11.0,47,2.1,131,28.0,47,2.1,97,20.0,47,2.1,2211,16.0,47,2.1
2020-08-29,17,10.0,32,1.5,203,13.0,32,1.5,1195,19.0,32,1.5,163,24.0,32,1.5,46,13.0,32,1.5,123,15.0,32,1.5,98,19.0,32,1.5,54,17.0,32,1.5,2131,18.0,32,1.5
2020-08-30,74,23.0,42,2.2,189,11.0,42,2.2,1008,20.0,42,2.2,156,22.0,42,2.2,41,19.0,42,2.2,124,16.0,42,2.2,189,26.0,42,2.2,119,24.0,42,2.2,1897,16.0,42,2.2
2020-08-31,43,17.0,33,1.5,230,13.0,33,1.5,941,16.0,33,1.5,186,31.0,33,1.5,49,15.0,33,1.5,140,19.0,33,1.5,217,21.0,33,1.5,84,17.0,33,1.5,2174,17.0,33,1.5
2020-09-01,65,17.0,35,1.8,281,11.0,35,1.8,1244,18.0,35,1.8,191,24.0,35,1.8,42,14.0,35,1.8,135,15.0,35,1.8,102,21.0,35,1.8,74,15.0,35,1.8,1950,16.0,35,1.8
2020-09-02,45,12.0,35,1.4,301,12.0,35,1.4,1146,17.0,35,1.4,170,21.0,35,1.4,27,8.0,35,1.4,101,13.0,35,1.4,143,25.0,35,1.4,100,20.0,35,1.4,2582,17.0,35,1.4
2020-09-03,52,13.0,32,1.5,183,9.0,32,1.5,1181,17.0,32,1.5,141,19.0,32,1.5,42,13.0,32,1.5,198,16.0,32,1.5,8,6.0,32,1.5,98,14.0,32,1.5,2158,15.0,32,1.5
2020-09-04,46,13.0,29,1.5,171,8.0,29,1.5,842,20.0,29,1.5,157,23.0,29,1.5,35,14.0,29,1.5,101,14.0,29,1.5,98,27.0,29,1.5,94,16.0,29,1.5,1929,15.0,29,1.5
2020-09-05,31,10.0,35,1.8,152,9.0,35,1.8,954,16.0,35,1.8,134,22.0,35,1.8,23,8.0,35,1.8,90,9.0,35,1.8,52,22.0,35,1.8,86,19.0,35,1.8,1950,15.0,35,1.8
2020-09-06,56,14.0,32,2.0,203,8.0,32,2.0,1122,16.0,32,2.0,151,20.0,32,2.0,51,15.0,32,2.0,101,13.0,32,2.0,38,14.0,32,2.0,104,17.0,32,2.0,1592,14.0,32,2.0
2020-09-07,27,8.0,37,1.7,215,8.0,37,1.7,1001,15.0,37,1.7,143,19.0,37,1.7,26,8.0,37,1.7,138,15.0,37,1.7,88,11.0,37,1.7,81,13.0,37,1.7,2202,14.0,37,1.7
2020-09-08,35,7.0,36,1.9,216,8.0,36,1.9,925,15.0,36,1.9,102,20.0,36,1.9,29,7.0,36,1.9,95,8.0,36,1.9,52,20.0,36,1.9,58,12.0,36,1.9,1892,13.0,36,1.9
2020-09-09,30,6.0,41,2.2,189,7.0,41,2.2,1102,16.0,41,2.2,129,21.0,41,2.2,53,17.0,41,2.2,86,9.0,41,2.2,71,10.0,41,2.2,120,17.0,41,2.2,1827,12.0,41,2.2
2020-09-10,32,8.0,41,2.2,126,5.0,41,2.2,1002,14.0,41,2.2,151,23.0,41,2.2,43,10.0,41,2.2,153,13.0,41,2.2,28,13.0,41,2.2,94,13.0,41,2.2,1892,12.0,41,2.2
2020-09-11,37,11.0,34,1.9,174,7.0,34,1.9,618,15.0,34,1.9,86,16.0,34,1.9,20,6.0,34,1.9,89,13.0,34,1.9,36,15.0,34,1.9,117,15.0,34,1.9,1792,12.0,34,1.9
2020-09-12,18,10.0,34,2.7,182,8.0,34,2.7,821,14.0,34,2.7,77,13.0,34,2.7,21,7.0,34,2.7,127,13.0,34,2.7,74,9.0,34,2.7,41,11.0,34,2.7,1282,12.0,34,2.7
2020-09-13,18,5.0,31,2.1,206,7.0,31,2.1,941,16.0,31,2.1,93,14.0,31,2.1,26,8.0,31,2.1,116,14.0,31,2.1,33,14.0,31,2.1,95,17.0,31,2.1,1476,11.0,31,2.1
2020-09-14,42,12.0,26,1.4,197,7.0,26,1.4,978,16.0,26,1.4,108,15.0,26,1.4,30,8.0,26,1.4,100,11.0,26,1.4,39,12.0,26,1.4,45,8.0,26,1.4,1812,13.0,26,1.4
2020-09-15,32,9.0,43,2.5,186,7.0,43,2.5,975,16.0,43,2.5,83,12.0,43,2.5,27,7.0,43,2.5,113,10.0,43,2.5,29,12.0,43,2.5,69,10.0,43,2.5,1724,12.0,43,2.5
2020-09-16,26,8.0,21,1.3,134,6.0,21,1.3,953,16.0,21,1.3,87,11.0,21,1.3,33,8.0,21,1.3,98,9.0,21,1.3,39,12.0,21,1.3,88,13.0,21,1.3,1615,12.0,21,1.3
2020-09-17,31,9.0,36,2.3,127,6.0,36,2.3,928,15.0,36,2.3,86,11.0,36,2.3,24,6.0,36,2.3,126,10.0,36,2.3,101,12.0,36,2.3,50,8.0,36,2.3,1593,12.0,36,2.3
2020-09-18,23,7.0,22,1.4,149,6.0,22,1.4,677,17.0,22,1.4,87,13.0,22,1.4,21,6.0,22,1.4,102,9.0,22,1.4,53,18.0,22,1.4,53,8.0,22,1.4,1541,12.0,22,1.4
2020-09-19,21,12.0,32,2.0,111,6.0,32,2.0,1006,19.0,32,2.0,62,10.0,32,2.0,19,6.0,32,2.0,160,11.0,32,2.0,84,16.0,32,2.0,23,6.0,32,2.0,1567,12.0,32,2.0
2020-09-20,29,9.0,26,1.7,148,6.0,26,1.7,958,17.0,26,1.7,62,10.0,26,1.7,35,13.0,26,1.7,81,8.0,26,1.7,87,22.0,26,1.7,56,10.0,26,1.7,1544,13.0,26,1.7
2020-09-21,33,11.0,40,2.3,135,6.0,40,2.3,790,14.0,40,2.3,78,12.0,40,2.3,20,5.0,40,2.3,98,9.0,40,2.3,51,12.0,40,2.3,47,7.0,40,2.3,1705,13.0,40,2.3
2020-09-22,22,9.0,28,1.8,190,7.0,28,1.8,877,15.0,28,1.8,71,12.0,28,1.8,38,9.0,28,1.8,138,10.0,28,1.8,51,12.0,28,1.8,46,8.0,28,1.8,1557,11.0,28,1.8
2020-09-23,32,12.0,37,2.2,176,6.0,37,2.2,958,17.0,37,2.2,60,11.0,37,2.2,23,6.0,37,2.2,129,9.0,37,2.2,39,8.0,37,2.2,29,6.0,37,2.2,1666,12.0,37,2.2
2020-09-24,19,9.0,28,1.8,120,6.0,28,1.8,989,17.0,28,1.8,58,9.0,28,1.8,16,5.0,28,1.8,57,6.0,28,1.8,36,9.0,28,1.8,39,8.0,28,1.8,1540,12.0,28,1.8
2020-09-25,25,11.0,21,1.5,98,5.0,21,1.5,609,15.0,21,1.5,59,12.0,21,1.5,19,7.0,21,1.5,108,7.0,21,1.5,30,10.0,21,1.5,21,4.0,21,1.5,1383,11.0,21,1.5
2020-09-26,7,5.0,36,3.3,87,5.0,36,3.3,787,15.0,36,3.3,40,11.0,36,3.3,14,6.0,36,3.3,103,9.0,36,3.3,57,14.0,36,3.3,35,8.0,36,3.3,1106,10.0,36,3.3
2020-09-27,26,11.0,32,2.5,143,5.0,32,2.5,901,17.0,32,2.5,56,12.0,32,2.5,26,8.0,32,2.5,62,10.0,32,2.5,38,10.0,32,2.5,33,6.0,32,2.5,1275,12.0,32,2.5
2020-09-28,34,12.0,32,2.3,109,5.0,32,2.3,917,17.0,32,2.3,75,13.0,32,2.3,31,10.0,32,2.3,73,8.0,32,2.3,42,12.0,32,2.3,65,11.0,32,2.3,1407,12.0,32,2.3
2020-09-29,30,11.0,26,1.7,120,4.0,26,1.7,812,16.0,26,1.7,53,10.0,26,1.7,25,9.0,26,1.7,80,6.0,26,1.7,51,14.0,26,1.7,40,8.0,26,1.7,1488,12.0,26,1.7
2020-09-30,19,7.0,32,2.2,153,6.0,32,2.2,941,17.0,32,2.2,57,11.0,32,2.2,47,14.0,32,2.2,78,7.0,32,2.2,41,11.0,32,2.2,29,5.0,32,2.2,1436,11.0,32,2.2
2020-10-01,24,10.0,21,1.4,119,5.0,21,1.4,950,16.0,21,1.4,42,8.0,21,1.4,17,6.0,21,1.4,51,7.0,21,1.4,37,9.0,21,1.4,24,4.0,21,1.4,1508,13.0,21,1.4
2020-10-02,23,11.0,33,2.4,120,7.0,33,2.4,579,19.0,33,2.4,50,10.0,33,2.4,16,6.0,33,2.4,55,6.0,33,2.4,33,9.0,33,2.4,29,6.0,33,2.4,1396,12.0,33,2.4
2020-10-03,11,7.0,20,1.7,91,5.0,20,1.7,894,17.0,20,1.7,27,11.0,20,1.7,19,9.0,20,1.7,51,6.0,20,1.7,40,10.0,20,1.7,21,4.0,20,1.7,1182,12.0,20,1.7
2020-10-04,34,16.0,23,2.0,128,6.0,23,2.0,926,18.0,23,2.0,51,11.0,23,2.0,13,5.0,23,2.0,62,11.0,23,2.0,20,9.0,23,2.0,42,8.0,23,2.0,1125,11.0,23,2.0
2020-10-05,29,11.0,27,1.9,168,7.0,27,1.9,960,16.0,27,1.9,58,9.0,27,1.9,19,8.0,27,1.9,74,11.0,27,1.9,58,12.0,27,1.9,39,6.0,27,1.9,1442,12.0,27,1.9
2020-10-06,16,8.0,30,2.0,131,5.0,30,2.0,914,17.0,30,2.0,72,12.0,30,2.0,19,6.0,30,2.0,128,11.0,30,2.0,32,7.0,30,2.0,33,7.0,30,2.0,1499,12.0,30,2.0
2020-10-07,26,11.0,35,2.3,161,5.0,35,2.3,873,15.0,35,2.3,45,10.0,35,2.3,18,5.0,35,2.3,48,8.0,35,2.3,28,9.0,35,2.3,39,5.0,35,2.3,1520,12.0,35,2.3
2020-10-08,34,11.0,20,1.4,148,5.0,20,1.4,877,15.0,20,1.4,60,12.0,20,1.4,7,3.0,20,1.4,33,8.0,20,1.4,38,11.0,20,1.4,51,8.0,20,1.4,1441,11.0,20,1.4
2020-10-09,23,9.0,17,1.3,128,5.0,17,1.3,640,16.0,17,1.3,46,9.0,17,1.3,14,5.0,17,1.3,39,5.0,17,1.3,13,8.0,17,1.3,30,6.0,17,1.3,1278,11.0,17,1.3
2020-10-10,9,5.0,23,1.9,105,5.0,23,1.9,804,17.0,23,1.9,26,10.0,23,1.9,23,9.0,23,1.9,50,5.0,23,1.9,27,11.0,23,1.9,27,5.0,23,1.9,1203,11.0,23,1.9
2020-10-11,26,9.0,24,2.0,151,6.0,24,2.0,850,16.0,24,2.0,35,9.0,24,2.0,11,5.0,24,2.0,32,6.0,24,2.0,23,7.0,24,2.0,27,5.0,24,2.0,1193,13.0,24,2.0
2020-10-12,33,13.0,31,2.1,129,5.0,31,2.1,983,16.0,31,2.1,43,7.0,31,2.1,18,7.0,31,2.1,37,5.0,31,2.1,35,9.0,31,2.1,26,3.0,31,2.1,1472,11.0,31,2.1
2020-10-13,23,9.0,22,1.4,169,5.0,22,1.4,971,16.0,22,1.4,54,8.0,22,1.4,18,6.0,22,1.4,57,5.0,22,1.4,26,9.0,22,1.4,42,7.0,22,1.4,1537,11.0,22,1.4
2020-10-14,25,10.0,16,1.0,136,5.0,16,1.0,1015,18.0,16,1.0,36,7.0,16,1.0,12,6.0,16,1.0,67,5.0,16,1.0,50,17.0,16,1.0,53,10.0,16,1.0,1684,12.0,16,1.0
2020-10-15,25,9.0,15,0.9,147,5.0,15,0.9,1161,15.0,15,0.9,45,10.0,15,0.9,19,6.0,15,0.9,39,3.0,15,0.9,33,8.0,15,0.9,41,6.0,15,0.9,1600,11.0,15,0.9
2020-10-16,27,11.0,15,1.0,136,6.0,15,1.0,660,16.0,15,1.0,56,10.0,15,1.0,5,2.0,15,1.0,40,4.0,15,1.0,32,10.0,15,1.0,30,5.0,15,1.0,1527,11.0,15,1.0
2020-10-17,11,7.0,23,1.9,86,4.0,23,1.9,1004,19.0,23,1.9,22,7.0,23,1.9,10,6.0,23,1.9,49,5.0,23,1.9,22,13.0,23,1.9,12,2.0,23,1.9,1209,10.0,23,1.9
2020-10-18,38,14.0,14,1.1,197,6.0,14,1.1,1015,15.0,14,1.1,48,10.0,14,1.1,8,3.0,14,1.1,59,4.0,14,1.1,35,13.0,14,1.1,29,5.0,14,1.1,1274,11.0,14,1.1
2020-10-19,12,5.0,21,1.3,154,5.0,21,1.3,919,15.0,21,1.3,41,9.0,21,1.3,13,5.0,21,1.3,40,5.0,21,1.3,24,8.0,21,1.3,53,8.0,21,1.3,1637,11.0,21,1.3
2020-10-20,31,12.0,18,1.3,141,5.0,18,1.3,1007,15.0,18,1.3,26,5.0,18,1.3,21,7.0,18,1.3,64,5.0,18,1.3,35,14.0,18,1.3,24,4.0,18,1.3,1380,10.0,18,1.3
2020-10-21,46,15.0,24,1.6,169,5.0,24,1.6,1056,15.0,24,1.6,45,6.0,24,1.6,12,5.0,24,1.6,63,6.0,24,1.6,43,13.0,24,1.6,20,4.0,24,1.6,1545,11.0,24,1.6
2020-10-22,24,10.0,24,1.4,188,6.0,24,1.4,830,14.0,24,1.4,58,10.0,24,1.4,16,7.0,24,1.4,52,4.0,24,1.4,33,13.0,24,1.4,45,7.0,24,1.4,1696,11.0,24,1.4
2020-10-23,12,7.0,14,0.9,124,5.0,14,0.9,568,13.0,14,0.9,29,7.0,14,0.9,16,8.0,14,0.9,83,6.0,14,0.9,37,9.0,14,0.9,31,6.0,14,0.9,1586,11.0,14,0.9
2020-10-24,8,5.0,19,1.7,95,5.0,19,1.7,854,17.0,19,1.7,23,8.0,19,1.7,14,7.0,19,1.7,32,4.0,19,1.7,35,14.0,19,1.7,26,5.0,19,1.7,1094,10.0,19,1.7
2020-10-25,39,13.0,23,1.8,164,5.0,23,1.8,893,14.0,23,1.8,37,8.0,23,1.8,12,6.0,23,1.8,57,5.0,23,1.8,22,6.0,23,1.8,37,6.0,23,1.8,1308,12.0,23,1.8
2020-10-26,22,9.0,15,1.0,142,5.0,15,1.0,794,15.0,15,1.0,28,7.0,15,1.0,10,5.0,15,1.0,57,6.0,15,1.0,54,18.0,15,1.0,48,8.0,15,1.0,1436,10.0,15,1.0
2020-10-27,15,6.0,20,1.5,122,5.0,20,1.5,896,16.0,20,1.5,16,4.0,20,1.5,15,9.0,20,1.5,55,5.0,20,1.5,19,9.0,20,1.5,31,6.0,20,1.5,1335,11.0,20,1.5
2020-10-28,49,13.0,23,1.5,181,5.0,23,1.5,1161,17.0,23,1.5,24,5.0,23,1.5,25,9.0,23,1.5,90,9.0,23,1.5,34,14.0,23,1.5,38,7.0,23,1.5,1493,12.0,23,1.5
2020-10-29,30,8.0,25,1.5,164,6.0,25,1.5,1094,15.0,25,1.5,33,6.0,25,1.5,32,10.0,25,1.5,52,6.0,25,1.5,46,9.0,25,1.5,54,8.0,25,1.5,1681,12.0,25,1.5
2020-10-30,34,14.0,19,1.2,148,6.0,19,1.2,674,13.0,19,1.2,36,6.0,19,1.2,17,7.0,19,1.2,54,6.0,19,1.2,29,15.0,19,1.2,35,7.0,19,1.2,1604,11.0,19,1.2
2020-10-31,18,6.0,18,1.4,118,6.0,18,1.4,1052,20.0,18,1.4,47,11.0,18,1.4,8,5.0,18,1.4,55,5.0,18,1.4,29,11.0,18,1.4,37,8.0,18,1.4,1320,11.0,18,1.4
2020-11-01,45,14.0,18,1.1,173,6.0,18,1.1,1070,16.0,18,1.1,35,6.0,18,1.1,16,9.0,18,1.1,54,11.0,18,1.1,39,15.0,18,1.1,58,10.0,18,1.1,1568,12.0,18,1.1
2020-11-02,35,12.0,25,1.4,154,6.0,25,1.4,1079,16.0,25,1.4,37,6.0,25,1.4,19,10.0,25,1.4,57,6.0,25,1.4,44,12.0,25,1.4,31,4.0,25,1.4,1736,13.0,25,1.4
2020-11-03,37,13.0,17,1.0,186,7.0,17,1.0,926,15.0,17,1.0,45,7.0,17,1.0,19,7.0,17,1.0,84,7.0,17,1.0,36,17.0,17,1.0,23,5.0,17,1.0,1659,12.0,17,1.0
2020-11-04,65,16.0,21,1.4,162,5.0,21,1.4,1200,15.0,21,1.4,40,5.0,21,1.4,26,9.0,21,1.4,101,9.0,21,1.4,37,10.0,21,1.4,28,4.0,21,1.4,1517,11.0,21,1.4
2020-11-05,31,8.0,17,0.9,158,5.0,17,0.9,958,14.0,17,0.9,37,6.0,17,0.9,19,7.0,17,0.9,59,5.0,17,0.9,61,14.0,17,0.9,34,5.0,17,0.9,1842,12.0,17,0.9
2020-11-06,52,17.0,15,1.0,164,7.0,15,1.0,794,14.0,15,1.0,40,8.0,15,1.0,17,7.0,15,1.0,65,8.0,15,1.0,29,11.0,15,1.0,26,5.0,15,1.0,1469,11.0,15,1.0
2020-11-07,19,7.0,13,1.0,122,5.0,13,1.0,964,16.0,13,1.0,34,11.0,13,1.0,21,9.0,13,1.0,44,5.0,13,1.0,21,12.0,13,1.0,35,7.0,13,1.0,1289,11.0,13,1.0
2020-11-08,56,16.0,18,1.2,147,6.0,18,1.2,1123,16.0,18,1.2,38,6.0,18,1.2,17,7.0,18,1.2,101,15.0,18,1.2,19,6.0,18,1.2,27,4.0,18,1.2,1474,12.0,18,1.2
2020-11-09,37,13.0,25,1.5,248,8.0,25,1.5,1121,16.0,25,1.5,37,6.0,25,1.5,22,7.0,25,1.5,63,7.0,25,1.5,43,13.0,25,1.5,70,11.0,25,1.5,1683,12.0,25,1.5
2020-11-10,46,12.0,16,0.9,173,7.0,16,0.9,1179,17.0,16,0.9,27,4.0,16,0.9,28,10.0,16,0.9,92,8.0,16,0.9,54,14.0,16,0.9,28,4.0,16,0.9,1699,13.0,16,0.9
2020-11-11,44,10.0,19,1.1,215,6.0,19,1.1,1105,16.0,19,1.1,34,5.0,19,1.1,12,4.0,19,1.1,67,5.0,19,1.1,44,12.0,19,1.1,54,8.0,19,1.1,1733,12.0,19,1.1
2020-11-12,45,13.0,13,0.7,198,7.0,13,0.7,1199,17.0,13,0.7,39,6.0,13,0.7,9,3.0,13,0.7,42,6.0,13,0.7,58,18.0,13,0.7,41,6.0,13,0.7,1845,11.0,13,0.7
2020-11-13,52,17.0,19,1.1,167,8.0,19,1.1,825,18.0,19,1.1,42,7.0,19,1.1,19,7.0,19,1.1,62,5.0,19,1.1,35,13.0,19,1.1,38,8.0,19,1.1,1767,13.0,19,1.1
2020-11-14,14,8.0,14,0.9,139,6.0,14,0.9,1280,20.0,14,0.9,33,9.0,14,0.9,10,5.0,14,0.9,86,5.0,14,0.9,26,10.0,14,0.9,24,5.0,14,0.9,1531,13.0,14,0.9
2020-11-15,51,12.0,21,1.1,272,10.0,21,1.1,1209,16.0,21,1.1,38,5.0,21,1.1,7,3.0,21,1.1,83,7.0,21,1.1,50,12.0,21,1.1,39,6.0,21,1.1,1837,13.0,21,1.1
2020-11-16,40,12.0,21,1.0,190,7.0,21,1.0,1466,19.0,21,1.0,31,4.0,21,1.0,17,6.0,21,1.0,75,7.0,21,1.0,47,15.0,21,1.0,45,7.0,21,1.0,2139,14.0,21,1.0
2020-11-17,38,9.0,39,1.8,255,8.0,39,1.8,1348,18.0,39,1.8,60,8.0,39,1.8,28,11.0,39,1.8,83,6.0,39,1.8,54,15.0,39,1.8,26,5.0,39,1.8,2212,14.0,39,1.8
2020-11-18,29,7.0,21,1.0,268,7.0,21,1.0,1502,18.0,21,1.0,46,7.0,21,1.0,36,11.0,21,1.0,69,6.0,21,1.0,58,14.0,21,1.0,29,6.0,21,1.0,2111,13.0,21,1.0
2020-11-19,39,9.0,30,1.3,208,6.0,30,1.3,1398,19.0,30,1.3,41,6.0,30,1.3,21,7.0,30,1.3,73,8.0,30,1.3,61,15.0,30,1.3,27,7.0,30,1.3,2364,13.0,30,1.3
2020-11-20,37,12.0,17,0.7,193,8.0,17,0.7,1151,22.0,17,0.7,50,10.0,17,0.7,15,6.0,17,0.7,76,6.0,17,0.7,55,18.0,17,0.7,24,5.0,17,0.7,2275,15.0,17,0.7
2020-11-21,16,7.0,28,1.5,232,9.0,28,1.5,1500,22.0,28,1.5,49,9.0,28,1.5,21,7.0,28,1.5,107,9.0,28,1.5,38,15.0,28,1.5,21,4.0,28,1.5,1847,15.0,28,1.5
2020-11-22,50,12.0,38,1.8,367,11.0,38,1.8,1477,21.0,38,1.8,38,6.0,38,1.8,13,4.0,38,1.8,77,11.0,38,1.8,53,17.0,38,1.8,41,6.0,38,1.8,2060,15.0,38,1.8
2020-11-23,41,12.0,28,1.2,297,11.0,28,1.2,1313,19.0,28,1.2,59,8.0,28,1.2,32,11.0,28,1.2,72,7.0,28,1.2,61,15.0,28,1.2,46,7.0,28,1.2,2419,15.0,28,1.2
2020-11-24,35,8.0,32,1.4,221,8.0,32,1.4,1465,19.0,32,1.4,53,9.0,32,1.4,51,16.0,32,1.4,98,8.0,32,1.4,58,14.0,32,1.4,39,6.0,32,1.4,2230,15.0,32,1.4
2020-11-25,44,11.0,39,1.8,274,8.0,39,1.8,1249,18.0,39,1.8,80,11.0,39,1.8,24,8.0,39,1.8,100,8.0,39,1.8,71,21.0,39,1.8,41,6.0,39,1.8,2156,13.0,39,1.8
2020-11-26,53,12.0,37,1.6,316,9.0,37,1.6,1626,20.0,37,1.6,42,6.0,37,1.6,19,6.0,37,1.6,64,5.0,37,1.6,69,18.0,37,1.6,42,7.0,37,1.6,2292,13.0,37,1.6
2020-11-27,39,12.0,20,0.9,288,9.0,20,0.9,951,19.0,20,0.9,38,8.0,20,0.9,36,13.0,20,0.9,99,9.0,20,0.9,46,14.0,20,0.9,37,6.0,20,0.9,2273,14.0,20,0.9
2020-11-28,26,9.0,36,1.9,156,5.0,36,1.9,1300,21.0,36,1.9,36,9.0,36,1.9,22,10.0,36,1.9,104,9.0,36,1.9,38,16.0,36,1.9,26,5.0,36,1.9,1908,14.0,36,1.9
2020-11-29,41,11.0,29,1.6,367,11.0,29,1.6,1492,20.0,29,1.6,32,6.0,29,1.6,26,9.0,29,1.6,52,7.0,29,1.6,87,25.0,29,1.6,32,6.0,29,1.6,1788,13.0,29,1.6
2020-11-30,50,14.0,35,1.4,297,9.0,35,1.4,1436,20.0,35,1.4,65,10.0,35,1.4,23,9.0,35,1.4,98,8.0,35,1.4,84,21.0,35,1.4,37,6.0,35,1.4,2525,16.0,35,1.4
2020-12-01,44,11.0,31,1.4,335,10.0,31,1.4,1452,20.0,31,1.4,29,5.0,31,1.4,23,9.0,31,1.4,83,9.0,31,1.4,62,19.0,31,1.4,42,7.0,31,1.4,2293,15.0,31,1.4
2020-12-02,42,10.0,38,1.7,237,7.0,38,1.7,1348,18.0,38,1.7,31,6.0,38,1.7,39,13.0,38,1.7,140,11.0,38,1.7,69,16.0,38,1.7,35,6.0,38,1.7,2198,14.0,38,1.7
2020-12-03,34,13.0,35,1.5,356,10.0,35,1.5,1601,19.0,35,1.5,55,8.0,35,1.5,21,6.0,35,1.5,93,9.0,35,1.5,73,16.0,35,1.5,52,8.0,35,1.5,2316,14.0,35,1.5
2020-12-04,24,8.0,24,1.1,353,10.0,24,1.1,1117,19.0,24,1.1,45,11.0,24,1.1,17,5.0,24,1.1,136,17.0,24,1.1,59,19.0,24,1.1,30,8.0,24,1.1,2252,15.0,24,1.1
2020-12-05,7,3.0,35,1.9,195,7.0,35,1.9,1085,19.0,35,1.9,29,6.0,35,1.9,36,12.0,35,1.9,80,7.0,35,1.9,58,13.0,35,1.9,13,3.0,35,1.9,1888,14.0,35,1.9
2020-12-06,15,8.0,31,1.9,308,9.0,31,1.9,1442,19.0,31,1.9,51,8.0,31,1.9,18,7.0,31,1.9,37,6.0,31,1.9,54,17.0,31,1.9,22,5.0,31,1.9,1666,13.0,31,1.9
2020-12-07,23,18.0,36,1.6,292,8.0,36,1.6,1234,17.0,36,1.6,67,10.0,36,1.6,30,9.0,36,1.6,90,9.0,36,1.6,47,11.0,36,1.6,15,2.0,36,1.6,2198,15.0,36,1.6
2020-12-08,42,15.0,32,1.5,306,8.0,32,1.5,1365,19.0,32,1.5,64,9.0,32,1.5,20,6.0,32,1.5,124,10.0,32,1.5,60,15.0,32,1.5,23,5.0,32,1.5,2202,13.0,32,1.5
2020-12-09,22,6.0,24,1.1,289,7.0,24,1.1,972,14.0,24,1.1,46,6.0,24,1.1,29,9.0,24,1.1,97,7.0,24,1.1,67,16.0,24,1.1,47,6.0,24,1.1,2159,13.0,24,1.1
2020-12-10,29,7.0,37,2.0,260,8.0,37,2.0,1168,15.0,37,2.0,39,8.0,37,2.0,14,5.0,37,2.0,74,6.0,37,2.0,58,14.0,37,2.0,49,7.0,37,2.0,1861,11.0,37,2.0
2020-12-11,28,10.0,19,1.0,244,8.0,19,1.0,629,14.0,19,1.0,42,7.0,19,1.0,23,8.0,19,1.0,53,8.0,19,1.0,33,12.0,19,1.0,53,9.0,19,1.0,1884,12.0,19,1.0
2020-12-12,22,6.0,34,2.6,187,6.0,34,2.6,874,15.0,34,2.6,35,7.0,34,2.6,19,9.0,34,2.6,61,6.0,34,2.6,68,19.0,34,2.6,24,4.0,34,2.6,1329,11.0,34,2.6
2020-12-13,22,6.0,32,2.4,279,8.0,32,2.4,983,13.0,32,2.4,29,6.0,32,2.4,26,12.0,32,2.4,66,5.0,32,2.4,57,16.0,32,2.4,36,6.0,32,2.4,1355,11.0,32,2.4
2020-12-14,34,10.0,37,2.1,296,8.0,37,2.1,905,13.0,37,2.1,49,8.0,37,2.1,37,12.0,37,2.1,82,5.0,37,2.1,77,18.0,37,2.1,49,6.0,37,2.1,1799,11.0,37,2.1
2020-12-15,21,7.0,40,2.1,297,9.0,40,2.1,1057,14.0,40,2.1,33,6.0,40,2.1,30,13.0,40,2.1,95,9.0,40,2.1,60,14.0,40,2.1,23,4.0,40,2.1,1877,10.0,40,2.1
2020-12-16,20,6.0,27,1.7,184,5.0,27,1.7,604,11.0,27,1.7,33,6.0,27,1.7,16,6.0,27,1.7,80,5.0,27,1.7,57,11.0,27,1.7,33,4.0,27,1.7,1632,10.0,27,1.7
2020-12-17,17,9.0,36,3.2,127,4.0,36,3.2,829,13.0,36,3.2,45,8.0,36,3.2,23,11.0,36,3.2,57,6.0,36,3.2,55,15.0,36,3.2,19,4.0,36,3.2,1134,9.0,36,3.2
2020-12-18,29,9.0,25,1.9,241,6.0,25,1.9,603,11.0,25,1.9,8,2.0,25,1.9,9,5.0,25,1.9,57,5.0,25,1.9,40,13.0,25,1.9,25,4.0,25,1.9,1318,9.0,25,1.9
2020-12-19,17,5.0,25,2.0,214,6.0,25,2.0,706,12.0,25,2.0,34,7.0,25,2.0,14,6.0,25,2.0,90,8.0,25,2.0,30,10.0,25,2.0,14,2.0,25,2.0,1267,10.0,25,2.0
2020-12-20,23,7.0,38,3.3,186,6.0,38,3.3,747,11.0,38,3.3,31,6.0,38,3.3,29,12.0,38,3.3,51,9.0,38,3.3,38,14.0,38,3.3,23,5.0,38,3.3,1153,9.0,38,3.3
2020-12-21,14,5.0,32,2.2,223,6.0,32,2.2,690,11.0,32,2.2,30,7.0,32,2.2,20,7.0,32,2.2,44,4.0,32,2.2,51,13.0,32,2.2,14,3.0,32,2.2,1470,9.0,32,2.2
2020-12-22,23,8.0,17,1.3,226,8.0,17,1.3,739,11.0,17,1.3,18,3.0,17,1.3,18,7.0,17,1.3,60,4.0,17,1.3,34,11.0,17,1.3,19,3.0,17,1.3,1318,9.0,17,1.3
2020-12-23,19,8.0,30,2.2,199,7.0,30,2.2,678,12.0,30,2.2,29,5.0,30,2.2,21,11.0,30,2.2,57,5.0,30,2.2,27,12.0,30,2.2,68,12.0,30,2.2,1367,9.0,30,2.2
2020-12-24,8,3.0,19,1.5,173,6.0,19,1.5,663,11.0,19,1.5,26,4.0,19,1.5,23,12.0,19,1.5,54,6.0,19,1.5,40,10.0,19,1.5,14,2.0,19,1.5,1234,9.0,19,1.5
2020-12-25,15,6.0,20,1.7,132,5.0,20,1.7,402,9.0,20,1.7,30,6.0,20,1.7,13,8.0,20,1.7,63,7.0,20,1.7,9,5.0,20,1.7,6,1.0,20,1.7,1163,8.0,20,1.7
2020-12-26,16,7.0,30,3.6,188,6.0,30,3.6,550,11.0,30,3.6,32,6.0,30,3.6,13,7.0,30,3.6,42,4.0,30,3.6,36,14.0,30,3.6,19,3.0,30,3.6,834,8.0,30,3.6
2020-12-27,16,5.0,24,2.3,193,6.0,24,2.3,557,10.0,24,2.3,16,4.0,24,2.3,3,1.0,24,2.3,53,8.0,24,2.3,22,9.0,24,2.3,6,1.0,24,2.3,1049,8.0,24,2.3
2020-12-28,25,8.0,27,2.9,165,5.0,27,2.9,514,10.0,27,2.9,29,8.0,27,2.9,13,5.0,27,2.9,76,9.0,27,2.9,28,9.0,27,2.9,27,3.0,27,2.9,932,7.0,27,2.9
2020-12-29,20,7.0,30,2.5,206,6.0,30,2.5,521,9.0,30,2.5,23,4.0,30,2.5,11,5.0,30,2.5,73,7.0,30,2.5,22,8.0,30,2.5,17,2.0,30,2.5,1181,8.0,30,2.5
2020-12-30,14,4.0,22,1.8,137,5.0,22,1.8,512,11.0,22,1.8,13,3.0,22,1.8,16,8.0,22,1.8,68,9.0,22,1.8,16,7.0,22,1.8,29,4.0,22,1.8,1235,8.0,22,1.8
2020-12-31,34,6.0,28,2.8,193,7.0,28,2.8,493,10.0,28,2.8,21,5.0,28,2.8,10,6.0,28,2.8,57,5.0,28,2.8,27,9.0,28,2.8,15,4.0,28,2.8,1014,8.0,28,2.8
2021-01-01,5,3.0,17,1.7,95,4.0,17,1.7,300,9.0,17,1.7,7,2.0,17,1.7,7,4.0,17,1.7,29,6.0,17,1.7,23,10.0,17,1.7,10,3.0,17,1.7,990,8.0,17,1.7
2021-01-02,14,5.0,23,3.4,136,5.0,23,3.4,478,11.0,23,3.4,33,6.0,23,3.4,13,8.0,23,3.4,30,3.0,23,3.4,6,4.0,23,3.4,10,1.0,23,3.4,684,7.0,23,3.4
2021-01-03,7,4.0,27,3.2,182,6.0,27,3.2,517,10.0,27,3.2,11,2.0,27,3.2,13,7.0,27,3.2,65,12.0,27,3.2,16,7.0,27,3.2,6,2.0,27,3.2,835,8.0,27,3.2
2021-01-04,4,3.0,24,2.6,149,4.0,24,2.6,540,9.0,24,2.6,25,5.0,24,2.6,5,2.0,24,2.6,35,3.0,24,2.6,22,8.0,24,2.6,31,3.0,24,2.6,910,8.0,24,2.6
2021-01-05,13,5.0,20,2.0,132,5.0,20,2.0,406,7.0,20,2.0,28,4.0,20,2.0,9,3.0,20,2.0,53,4.0,20,2.0,21,7.0,20,2.0,25,5.0,20,2.0,991,7.0,20,2.0
2021-01-06,11,3.0,17,1.7,175,4.0,17,1.7,546,8.0,17,1.7,28,5.0,17,1.7,2,1.0,17,1.7,40,5.0,17,1.7,19,7.0,17,1.7,32,4.0,17,1.7,978,6.0,17,1.7
2021-01-07,20,5.0,31,3.1,190,5.0,31,3.1,431,8.0,31,3.1,23,3.0,31,3.1,12,4.0,31,3.1,25,3.0,31,3.1,26,6.0,31,3.1,32,4.0,31,3.1,1007,7.0,31,3.1
2021-01-08,16,4.0,16,2.0,126,4.0,16,2.0,341,8.0,16,2.0,25,4.0,16,2.0,8,3.0,16,2.0,25,4.0,16,2.0,27,7.0,16,2.0,12,2.0,16,2.0,785,6.0,16,2.0
2021-01-09,9,3.0,22,3.2,192,5.0,22,3.2,435,8.0,22,3.2,20,4.0,22,3.2,3,2.0,22,3.2,32,3.0,22,3.2,12,5.0,22,3.2,11,2.0,22,3.2,692,5.0,22,3.2
2021-01-10,10,3.0,25,2.3,153,4.0,25,2.3,487,9.0,25,2.3,19,4.0,25,2.3,14,5.0,25,2.3,43,4.0,25,2.3,25,7.0,25,2.3,14,2.0,25,2.3,1071,8.0,25,2.3
2021-01-11,7,2.0,22,2.6,106,3.0,22,2.6,360,7.0,22,2.6,32,5.0,22,2.6,8,2.0,22,2.6,27,2.0,22,2.6,12,3.0,22,2.6,23,2.0,22,2.6,849,6.0,22,2.6
2021-01-12,10,3.0,16,2.2,164,5.0,16,2.2,406,7.0,16,2.2,46,7.0,16,2.2,17,6.0,16,2.2,52,3.0,16,2.2,33,7.0,16,2.2,21,3.0,16,2.2,718,5.0,16,2.2
2021-01-13,12,3.0,14,1.6,130,3.0,14,1.6,445,8.0,14,1.6,16,3.0,14,1.6,11,3.0,14,1.6,45,3.0,14,1.6,19,5.0,14,1.6,15,2.0,14,1.6,890,6.0,14,1.6
2021-01-14,16,4.0,16,2.0,160,4.0,16,2.0,467,8.0,16,2.0,15,3.0,16,2.0,9,4.0,16,2.0,32,4.0,16,2.0,27,8.0,16,2.0,24,3.0,16,2.0,813,5.0,16,2.0
2021-01-15,10,3.0,13,1.7,92,3.0,13,1.7,323,7.0,13,1.7,36,5.0,13,1.7,5,2.0,13,1.7,21,2.0,13,1.7,22,8.0,13,1.7,9,2.0,13,1.7,762,6.0,13,1.7
2021-01-16,10,3.0,21,3.6,103,3.0,21,3.6,320,6.0,21,3.6,8,1.0,21,3.6,10,3.0,21,3.6,34,2.0,21,3.6,7,3.0,21,3.6,9,1.0,21,3.6,578,5.0,21,3.6
2021-01-17,16,4.0,23,4.0,120,4.0,23,4.0,442,7.0,23,4.0,27,6.0,23,4.0,10,4.0,23,4.0,30,5.0,23,4.0,15,6.0,23,4.0,16,2.0,23,4.0,569,4.0,23,4.0
2021-01-18,17,5.0,16,2.3,114,3.0,16,2.3,368,6.0,16,2.3,9,2.0,16,2.3,6,2.0,16,2.3,49,4.0,16,2.3,11,5.0,16,2.3,19,2.0,16,2.3,697,5.0,16,2.3
2021-01-19,9,3.0,20,2.8,127,3.0,20,2.8,339,6.0,20,2.8,21,3.0,20,2.8,8,3.0,20,2.8,62,4.0,20,2.8,9,3.0,20,2.8,11,1.0,20,2.8,702,5.0,20,2.8
2021-01-20,13,4.0,8,1.2,134,3.0,8,1.2,386,6.0,8,1.2,19,3.0,8,1.2,2,1.0,8,1.2,40,3.0,8,1.2,11,4.0,8,1.2,6,1.0,8,1.2,656,4.0,8,1.2
2021-01-21,4,1.0,16,2.7,140,3.0,16,2.7,318,6.0,16,2.7,14,3.0,16,2.7,6,3.0,16,2.7,41,4.0,16,2.7,19,7.0,16,2.7,28,4.0,16,2.7,584,4.0,16,2.7
2021-01-22,3,1.0,15,2.4,59,2.0,15,2.4,272,5.0,15,2.4,8,1.0,15,2.4,6,2.0,15,2.4,25,2.0,15,2.4,4,2.0,15,2.4,10,1.0,15,2.4,619,4.0,15,2.4
2021-01-23,11,4.0,22,5.0,92,2.0,22,5.0,289,6.0,22,5.0,29,5.0,22,5.0,9,5.0,22,5.0,18,2.0,22,5.0,15,4.0,22,5.0,12,2.0,22,5.0,436,4.0,22,5.0
2021-01-24,23,6.0,20,4.2,103,3.0,20,4.2,269,5.0,20,4.2,10,2.0,20,4.2,6,3.0,20,4.2,33,4.0,20,4.2,16,5.0,20,4.2,46,5.0,20,4.2,473,3.0,20,4.2
2021-01-25,6,2.0,18,3.0,104,2.0,18,3.0,288,5.0,18,3.0,8,1.0,18,3.0,10,3.0,18,3.0,26,3.0,18,3.0,8,3.0,18,3.0,31,3.0,18,3.0,602,4.0,18,3.0
2021-01-26,7,2.0,14,2.7,97,2.0,14,2.7,278,5.0,14,2.7,10,1.0,14,2.7,4,1.0,14,2.7,35,3.0,14,2.7,12,4.0,14,2.7,27,3.0,14,2.7,515,4.0,14,2.7
2021-01-27,7,2.0,17,3.2,101,2.0,17,3.2,281,4.0,17,3.2,6,1.0,17,3.2,3,1.0,17,3.2,32,3.0,17,3.2,6,2.0,17,3.2,12,1.0,17,3.2,528,3.0,17,3.2
2021-01-28,11,4.0,15,2.9,69,2.0,15,2.9,272,5.0,15,2.9,6,1.0,15,2.9,3,1.0,15,2.9,25,3.0,15,2.9,13,5.0,15,2.9,15,2.0,15,2.9,509,3.0,15,2.9
2021-01-29,9,3.0,7,1.5,60,2.0,7,1.5,226,5.0,7,1.5,11,2.0,7,1.5,4,2.0,7,1.5,17,2.0,7,1.5,11,4.0,7,1.5,7,1.0,7,1.5,454,4.0,7,1.5
2021-01-30,7,3.0,17,4.7,89,3.0,17,4.7,200,5.0,17,4.7,9,2.0,17,4.7,3,1.0,17,4.7,28,4.0,17,4.7,5,3.0,17,4.7,7,1.0,17,4.7,363,3.0,17,4.7
2021-01-31,8,3.0,16,4.3,75,2.0,16,4.3,260,5.0,16,4.3,7,1.0,16,4.3,6,3.0,16,4.3,22,4.0,16,4.3,2,1.0,16,4.3,17,2.0,16,4.3,369,3.0,16,4.3
2021-02-01,6,2.0,10,2.3,141,3.0,10,2.3,235,4.0,10,2.3,17,3.0,10,2.3,7,3.0,10,2.3,39,4.0,10,2.3,8,3.0,10,2.3,10,1.0,10,2.3,443,4.0,10,2.3
2021-02-02,9,2.0,12,2.3,98,3.0,12,2.3,243,4.0,12,2.3,13,2.0,12,2.3,10,4.0,12,2.3,29,2.0,12,2.3,7,3.0,12,2.3,5,1.0,12,2.3,525,4.0,12,2.3
2021-02-03,4,1.0,13,3.0,79,2.0,13,3.0,215,3.0,13,3.0,8,1.0,13,3.0,4,1.0,13,3.0,26,3.0,13,3.0,8,3.0,13,3.0,19,2.0,13,3.0,438,3.0,13,3.0
2021-02-04,9,2.0,13,2.7,128,3.0,13,2.7,251,4.0,13,2.7,15,2.0,13,2.7,5,2.0,13,2.7,34,4.0,13,2.7,7,3.0,13,2.7,16,2.0,13,2.7,485,3.0,13,2.7
2021-02-05,7,2.0,7,1.6,33,1.0,7,1.6,156,4.0,7,1.6,11,2.0,7,1.6,3,1.0,7,1.6,24,3.0,7,1.6,7,3.0,7,1.6,5,0.0,7,1.6,435,3.0,7,1.6
2021-02-06,7,2.0,8,2.6,76,2.0,8,2.6,156,3.0,8,2.6,5,1.0,8,2.6,3,1.0,8,2.6,21,2.0,8,2.6,2,1.0,8,2.6,1,0.0,8,2.6,305,3.0,8,2.6
2021-02-07,11,4.0,15,5.1,101,3.0,15,5.1,184,3.0,15,5.1,7,1.0,15,5.1,4,2.0,15,5.1,18,3.0,15,5.1,6,2.0,15,5.1,1,0.0,15,5.1,292,2.0,15,5.1
2021-02-08,9,3.0,16,5.1,100,2.0,16,5.1,215,4.0,16,5.1,11,2.0,16,5.1,5,2.0,16,5.1,19,2.0,16,5.1,4,2.0,16,5.1,4,0.0,16,5.1,316,2.0,16,5.1
2021-02-09,2,1.0,8,2.1,85,2.0,8,2.1,183,3.0,8,2.1,19,3.0,8,2.1,7,3.0,8,2.1,20,2.0,8,2.1,11,2.0,8,2.1,17,2.0,8,2.1,387,3.0,8,2.1
2021-02-10,5,1.0,10,2.6,85,2.0,10,2.6,231,4.0,10,2.6,16,2.0,10,2.6,7,2.0,10,2.6,15,1.0,10,2.6,6,2.0,10,2.6,14,1.0,10,2.6,388,3.0,10,2.6
2021-02-11,10,3.0,9,2.2,98,2.0,9,2.2,206,4.0,9,2.2,16,2.0,9,2.2,1,0.0,9,2.2,15,2.0,9,2.2,9,3.0,9,2.2,15,2.0,9,2.2,418,3.0,9,2.2
2021-02-12,9,3.0,5,1.2,70,2.0,5,1.2,171,4.0,5,1.2,19,3.0,5,1.2,4,2.0,5,1.2,17,2.0,5,1.2,6,3.0,5,1.2,12,1.0,5,1.2,404,3.0,5,1.2
2021-02-13,5,2.0,13,4.5,101,3.0,13,4.5,143,3.0,13,4.5,4,1.0,13,4.5,1,1.0,13,4.5,18,1.0,13,4.5,8,5.0,13,4.5,8,1.0,13,4.5,291,2.0,13,4.5
2021-02-14,5,1.0,8,2.5,96,2.0,8,2.5,208,4.0,8,2.5,6,1.0,8,2.5,20,7.0,8,2.5,18,3.0,8,2.5,8,2.0,8,2.5,16,2.0,8,2.5,326,3.0,8,2.5
2021-02-15,4,1.0,11,2.5,83,2.0,11,2.5,193,4.0,11,2.5,23,3.0,11,2.5,7,2.0,11,2.5,20,2.0,11,2.5,6,2.0,11,2.5,13,1.0,11,2.5,446,3.0,11,2.5
2021-02-16,4,1.0,13,3.3,108,3.0,13,3.3,229,3.0,13,3.3,5,1.0,13,3.3,7,3.0,13,3.3,27,2.0,13,3.3,5,2.0,13,3.3,11,1.0,13,3.3,396,3.0,13,3.3
2021-02-17,4,1.0,16,3.6,115,3.0,16,3.6,201,4.0,16,3.6,20,3.0,16,3.6,1,0.0,16,3.6,28,2.0,16,3.6,7,2.0,16,3.6,32,3.0,16,3.6,443,3.0,16,3.6
2021-02-18,3,1.0,15,3.8,97,2.0,15,3.8,195,3.0,15,3.8,14,2.0,15,3.8,2,1.0,15,3.8,23,2.0,15,3.8,3,1.0,15,3.8,11,1.0,15,3.8,391,3.0,15,3.8
2021-02-19,7,2.0,8,2.0,64,2.0,8,2.0,170,4.0,8,2.0,10,2.0,8,2.0,2,1.0,8,2.0,18,3.0,8,2.0,3,2.0,8,2.0,16,2.0,8,2.0,406,3.0,8,2.0
2021-02-20,4,1.0,5,1.4,65,2.0,5,1.4,128,3.0,5,1.4,22,4.0,5,1.4,1,0.0,5,1.4,30,2.0,5,1.4,3,2.0,5,1.4,10,1.0,5,1.4,350,3.0,5,1.4
2021-02-21,4,1.0,7,2.1,92,2.0,7,2.1,151,4.0,7,2.1,2,0.0,7,2.1,1,0.0,7,2.1,7,1.0,7,2.1,6,3.0,7,2.1,24,2.0,7,2.1,327,2.0,7,2.1
2021-02-22,6,2.0,7,1.9,98,2.0,7,1.9,192,4.0,7,1.9,16,2.0,7,1.9,2,1.0,7,1.9,16,2.0,7,1.9,4,2.0,7,1.9,10,1.0,7,1.9,366,3.0,7,1.9
2021-02-23,8,2.0,18,4.5,118,3.0,18,4.5,214,4.0,18,4.5,7,1.0,18,4.5,4,1.0,18,4.5,12,1.0,18,4.5,3,1.0,18,4.5,10,1.0,18,4.5,399,3.0,18,4.5
2021-02-24,2,1.0,5,1.2,103,2.0,5,1.2,228,4.0,5,1.2,14,2.0,5,1.2,0,,5,1.2,14,1.0,5,1.2,7,2.0,5,1.2,12,1.0,5,1.2,428,3.0,5,1.2
2021-02-25,5,1.0,5,1.2,117,2.0,5,1.2,247,4.0,5,1.2,14,2.0,5,1.2,1,0.0,5,1.2,20,2.0,5,1.2,6,1.0,5,1.2,14,2.0,5,1.2,410,3.0,5,1.2
2021-02-26,3,1.0,11,2.3,98,2.0,11,2.3,203,4.0,11,2.3,9,2.0,11,2.3,1,0.0,11,2.3,13,1.0,11,2.3,1,1.0,11,2.3,12,1.0,11,2.3,470,3.0,11,2.3
2021-02-27,7,2.0,5,1.2,82,2.0,5,1.2,240,6.0,5,1.2,5,1.0,5,1.2,4,2.0,5,1.2,8,1.0,5,1.2,6,3.0,5,1.2,26,2.0,5,1.2,407,3.0,5,1.2
2021-02-28,5,2.0,8,2.1,155,3.0,8,2.1,302,5.0,8,2.1,8,1.0,8,2.1,4,1.0,8,2.1,17,3.0,8,2.1,2,1.0,8,2.1,22,2.0,8,2.1,385,3.0,8,2.1
2021-03-01,7,2.0,8,1.4,143,3.0,8,1.4,304,5.0,8,1.4,10,1.0,8,1.4,7,3.0,8,1.4,13,1.0,8,1.4,6,2.0,8,1.4,18,2.0,8,1.4,585,4.0,8,1.4
2021-03-02,4,1.0,7,1.4,133,3.0,7,1.4,364,6.0,7,1.4,10,1.0,7,1.4,2,1.0,7,1.4,18,1.0,7,1.4,4,2.0,7,1.4,7,1.0,7,1.4,515,3.0,7,1.4
2021-03-03,10,2.0,5,0.8,147,3.0,5,0.8,385,6.0,5,0.8,9,1.0,5,0.8,3,1.0,5,0.8,10,1.0,5,0.8,5,2.0,5,0.8,30,3.0,5,0.8,614,4.0,5,0.8
2021-03-04,8,2.0,7,1.1,150,4.0,7,1.1,319,6.0,7,1.1,13,2.0,7,1.1,4,2.0,7,1.1,26,3.0,7,1.1,7,3.0,7,1.1,21,2.0,7,1.1,619,4.0,7,1.1
2021-03-05,5,2.0,6,0.9,100,3.0,6,0.9,262,6.0,6,0.9,11,2.0,6,0.9,9,3.0,6,0.9,16,2.0,6,0.9,9,3.0,6,0.9,19,2.0,6,0.9,635,5.0,6,0.9
2021-03-06,7,3.0,10,1.9,133,3.0,10,1.9,353,7.0,10,1.9,6,1.0,10,1.9,8,4.0,10,1.9,20,2.0,10,1.9,5,2.0,10,1.9,21,2.0,10,1.9,540,4.0,10,1.9
2021-03-07,7,2.0,11,1.8,180,4.0,11,1.8,478,8.0,11,1.8,9,1.0,11,1.8,4,1.0,11,1.8,26,3.0,11,1.8,4,2.0,11,1.8,32,2.0,11,1.8,606,4.0,11,1.8
2021-03-08,10,3.0,14,1.7,168,3.0,14,1.7,517,8.0,14,1.7,16,2.0,14,1.7,9,3.0,14,1.7,16,1.0,14,1.7,12,4.0,14,1.7,5,0.0,14,1.7,845,5.0,14,1.7
2021-03-09,12,3.0,13,1.4,160,3.0,13,1.4,633,10.0,13,1.4,17,2.0,13,1.4,6,2.0,13,1.4,26,2.0,13,1.4,16,6.0,13,1.4,23,2.0,13,1.4,912,5.0,13,1.4
2021-03-10,10,2.0,7,0.7,211,4.0,7,0.7,583,8.0,7,0.7,16,2.0,7,0.7,12,4.0,7,0.7,26,2.0,7,0.7,17,5.0,7,0.7,38,3.0,7,0.7,1018,6.0,7,0.7
2021-03-11,13,3.0,6,0.6,199,4.0,6,0.6,703,11.0,6,0.6,22,3.0,6,0.6,10,4.0,6,0.6,37,2.0,6,0.6,17,5.0,6,0.6,19,1.0,6,0.6,1051,6.0,6,0.6
2021-03-12,9,3.0,13,1.2,148,4.0,13,1.2,597,11.0,13,1.2,9,2.0,13,1.2,4,2.0,13,1.2,19,2.0,13,1.2,9,5.0,13,1.2,19,2.0,13,1.2,1066,7.0,13,1.2
2021-03-13,10,3.0,12,1.2,205,4.0,12,1.2,736,12.0,12,1.2,39,6.0,12,1.2,3,1.0,12,1.2,30,2.0,12,1.2,8,3.0,12,1.2,24,2.0,12,1.2,1014,6.0,12,1.2
2021-03-14,19,5.0,18,1.6,287,6.0,18,1.6,1090,14.0,18,1.6,21,3.0,18,1.6,8,3.0,18,1.6,31,4.0,18,1.6,26,7.0,18,1.6,44,3.0,18,1.6,1159,7.0,18,1.6
2021-03-15,23,6.0,26,1.5,267,5.0,26,1.5,1074,13.0,26,1.5,46,5.0,26,1.5,3,1.0,26,1.5,40,2.0,26,1.5,24,5.0,26,1.5,34,3.0,26,1.5,1773,9.0,26,1.5
2021-03-16,24,4.0,26,1.5,243,5.0,26,1.5,1205,13.0,26,1.5,42,5.0,26,1.5,8,2.0,26,1.5,40,3.0,26,1.5,18,4.0,26,1.5,36,3.0,26,1.5,1719,8.0,26,1.5
2021-03-17,27,6.0,11,0.6,260,5.0,11,0.6,1210,15.0,11,0.6,46,6.0,11,0.6,12,3.0,11,0.6,54,4.0,11,0.6,26,6.0,11,0.6,59,4.0,11,0.6,1865,8.0,11,0.6
2021-03-18,33,7.0,16,0.7,343,7.0,16,0.7,1337,16.0,16,0.7,32,4.0,16,0.7,11,3.0,16,0.7,69,7.0,16,0.7,24,6.0,16,0.7,62,5.0,16,0.7,2187,10.0,16,0.7
2021-03-19,19,4.0,18,0.9,270,6.0,18,0.9,1203,16.0,18,0.9,29,4.0,18,0.9,13,4.0,18,0.9,89,6.0,18,0.9,12,4.0,18,0.9,28,2.0,18,0.9,1899,10.0,18,0.9
2021-03-20,17,5.0,26,1.4,270,6.0,26,1.4,1321,17.0,26,1.4,36,5.0,26,1.4,17,6.0,26,1.4,54,5.0,26,1.4,11,3.0,26,1.4,29,2.0,26,1.4,1868,9.0,26,1.4
2021-03-21,47,10.0,22,1.0,385,7.0,22,1.0,1561,16.0,22,1.0,52,6.0,22,1.0,29,6.0,22,1.0,56,5.0,22,1.0,17,5.0,22,1.0,94,7.0,22,1.0,2172,10.0,22,1.0
2021-03-22,55,11.0,30,1.1,541,9.0,30,1.1,2235,20.0,30,1.1,52,6.0,30,1.1,26,7.0,30,1.1,103,8.0,30,1.1,24,6.0,30,1.1,107,6.0,30,1.1,2809,11.0,30,1.1
2021-03-23,58,11.0,18,0.5,439,8.0,18,0.5,2197,20.0,18,0.5,61,6.0,18,0.5,27,7.0,18,0.5,82,5.0,18,0.5,36,6.0,18,0.5,78,5.0,18,0.5,3554,14.0,18,0.5
2021-03-24,55,8.0,25,0.7,397,7.0,25,0.7,2356,20.0,25,0.7,64,5.0,25,0.7,34,7.0,25,0.7,126,7.0,25,0.7,55,11.0,25,0.7,91,6.0,25,0.7,3567,13.0,25,0.7
2021-03-25,49,8.0,34,0.9,604,9.0,34,0.9,2715,19.0,34,0.9,61,7.0,34,0.9,25,5.0,34,0.9,88,6.0,34,0.9,57,9.0,34,0.9,82,5.0,34,0.9,3587,13.0,34,0.9
2021-03-26,30,6.0,33,0.9,426,8.0,33,0.9,2167,23.0,33,0.9,84,9.0,33,0.9,24,5.0,33,0.9,84,7.0,33,0.9,25,7.0,33,0.9,59,5.0,33,0.9,3737,14.0,33,0.9
2021-03-27,53,11.0,39,1.1,420,8.0,39,1.1,2914,26.0,39,1.1,23,4.0,39,1.1,25,9.0,39,1.1,123,12.0,39,1.1,49,12.0,39,1.1,60,5.0,39,1.1,3674,15.0,39,1.1
2021-03-28,80,16.0,35,0.9,599,10.0,35,0.9,3332,25.0,35,0.9,123,15.0,35,0.9,36,9.0,35,0.9,96,7.0,35,0.9,38,10.0,35,0.9,122,9.0,35,0.9,3908,18.0,35,0.9
2021-03-29,80,18.0,45,0.9,585,11.0,45,0.9,3465,26.0,45,0.9,84,8.0,45,0.9,35,9.0,45,0.9,133,9.0,45,0.9,47,12.0,45,0.9,116,8.0,45,0.9,5181,18.0,45,0.9
2021-03-30,69,14.0,45,0.9,636,12.0,45,0.9,3741,29.0,45,0.9,93,9.0,45,0.9,58,12.0,45,0.9,163,11.0,45,0.9,54,15.0,45,0.9,94,7.0,45,0.9,5042,19.0,45,0.9
2021-03-31,82,15.0,52,1.0,682,12.0,52,1.0,4777,31.0,52,1.0,56,8.0,52,1.0,51,14.0,52,1.0,147,10.0,52,1.0,47,10.0,52,1.0,116,9.0,52,1.0,5358,20.0,52,1.0
2021-04-01,113,19.0,59,0.9,979,16.0,59,0.9,5178,29.0,59,0.9,135,14.0,59,0.9,51,12.0,59,0.9,157,10.0,59,0.9,44,11.0,59,0.9,138,11.0,59,0.9,6469,23.0,59,0.9
2021-04-02,89,19.0,50,0.7,605,12.0,50,0.7,3472,31.0,50,0.7,160,22.0,50,0.7,51,12.0,50,0.7,121,11.0,50,0.7,51,13.0,50,0.7,93,7.0,50,0.7,6830,23.0,50,0.7
2021-04-03,120,20.0,58,1.0,794,13.0,58,1.0,4972,30.0,58,1.0,139,17.0,58,1.0,60,12.0,58,1.0,180,15.0,58,1.0,71,15.0,58,1.0,77,6.0,58,1.0,5683,24.0,58,1.0
2021-04-04,120,20.0,53,0.7,945,14.0,53,0.7,4782,28.0,53,0.7,158,19.0,53,0.7,77,13.0,53,0.7,193,12.0,53,0.7,49,9.0,53,0.7,124,8.0,53,0.7,7087,23.0,53,0.7
2021-04-05,158,24.0,52,0.7,851,13.0,52,0.7,5009,29.0,52,0.7,165,14.0,52,0.7,82,19.0,52,0.7,195,9.0,52,0.7,73,15.0,52,0.7,138,8.0,52,0.7,7075,23.0,52,0.7
2021-04-06,202,27.0,66,0.9,1068,16.0,66,0.9,4916,29.0,66,0.9,195,19.0,66,0.9,132,23.0,66,0.9,213,10.0,66,0.9,106,21.0,66,0.9,189,11.0,66,0.9,7213,21.0,66,0.9
2021-04-07,160,24.0,63,0.8,1005,15.0,63,0.8,5065,27.0,63,0.8,175,17.0,63,0.8,98,18.0,63,0.8,267,18.0,63,0.8,82,17.0,63,0.8,159,10.0,63,0.8,7626,22.0,63,0.8
2021-04-08,104,17.0,74,1.1,1031,16.0,74,1.1,5138,28.0,74,1.1,238,22.0,74,1.1,71,14.0,74,1.1,248,17.0,74,1.1,87,18.0,74,1.1,160,11.0,74,1.1,6854,21.0,74,1.1
2021-04-09,111,24.0,63,0.8,789,13.0,63,0.8,4102,27.0,63,0.8,230,20.0,63,0.8,54,12.0,63,0.8,226,14.0,63,0.8,72,16.0,63,0.8,222,17.0,63,0.8,7462,24.0,63,0.8
2021-04-10,121,24.0,77,1.4,740,13.0,77,1.4,4192,27.0,77,1.4,106,18.0,77,1.4,51,10.0,77,1.4,310,19.0,77,1.4,73,15.0,77,1.4,144,10.0,77,1.4,5343,20.0,77,1.4
2021-04-11,150,23.0,78,1.3,973,15.0,78,1.3,3762,24.0,78,1.3,208,18.0,78,1.3,67,13.0,78,1.3,213,21.0,78,1.3,90,18.0,78,1.3,134,10.0,78,1.3,5819,20.0,78,1.3
2021-04-12,109,19.0,83,1.2,916,12.0,83,1.2,3717,23.0,83,1.2,253,20.0,83,1.2,66,11.0,83,1.2,279,17.0,83,1.2,76,15.0,83,1.2,149,11.0,83,1.2,7201,21.0,83,1.2
2021-04-13,143,33.0,69,1.1,766,18.0,69,1.1,3558,26.0,69,1.1,212,20.0,69,1.1,101,17.0,69,1.1,313,16.0,69,1.1,58,14.0,69,1.1,169,22.0,69,1.1,6028,18.0,69,1.1
2021-04-14,107,26.0,96,1.9,499,19.0,96,1.9,2953,26.0,96,1.9,237,22.0,96,1.9,112,35.0,96,1.9,232,15.0,96,1.9,59,15.0,96,1.9,70,21.0,96,1.9,5185,21.0,96,1.9
2021-04-15,66,18.0,94,2.2,613,25.0,94,2.2,2462,25.0,94,2.2,80,13.0,94,2.2,81,36.0,94,2.2,184,16.0,94,2.2,85,22.0,94,2.2,103,28.0,94,2.2,4192,21.0,94,2.2
2021-04-16,115,20.0,101,2.3,498,19.0,101,2.3,2105,23.0,101,2.3,188,16.0,101,2.3,69,18.0,101,2.3,220,19.0,101,2.3,68,16.0,101,2.3,67,20.0,101,2.3,4417,23.0,101,2.3
2021-04-17,135,31.0,101,2.9,514,18.0,101,2.9,2156,22.0,101,2.9,113,19.0,101,2.9,64,18.0,101,2.9,210,22.0,101,2.9,75,18.0,101,2.9,85,17.0,101,2.9,3473,21.0,101,2.9
2021-04-18,164,25.0,102,2.8,778,15.0,102,2.8,2462,20.0,102,2.8,175,19.0,102,2.8,78,14.0,102,2.8,240,22.0,102,2.8,83,18.0,102,2.8,142,18.0,102,2.8,3698,19.0,102,2.8
2021-04-19,99,19.0,112,2.6,703,13.0,112,2.6,2386,19.0,112,2.6,187,17.0,112,2.6,30,7.0,112,2.6,218,16.0,112,2.6,85,18.0,112,2.6,146,14.0,112,2.6,4271,18.0,112,2.6
2021-04-20,150,30.0,91,2.0,735,13.0,91,2.0,2465,18.0,91,2.0,242,19.0,91,2.0,80,16.0,91,2.0,246,12.0,91,2.0,89,20.0,91,2.0,156,13.0,91,2.0,4559,17.0,91,2.0
2021-04-21,126,26.0,95,2.2,679,12.0,95,2.2,2425,19.0,95,2.2,154,14.0,95,2.2,87,14.0,95,2.2,246,13.0,95,2.2,72,16.0,95,2.2,146,13.0,95,2.2,4280,15.0,95,2.2
2021-04-22,82,15.0,98,2.4,706,13.0,98,2.4,1853,17.0,98,2.4,106,12.0,98,2.4,35,7.0,98,2.4,184,11.0,98,2.4,63,13.0,98,2.4,149,16.0,98,2.4,4014,15.0,98,2.4
2021-04-23,92,23.0,88,2.4,498,12.0,88,2.4,1432,14.0,88,2.4,186,21.0,88,2.4,27,8.0,88,2.4,168,11.0,88,2.4,71,20.0,88,2.4,132,13.0,88,2.4,3629,14.0,88,2.4
2021-04-24,91,23.0,83,3.1,405,12.0,83,3.1,1313,15.0,83,3.1,100,21.0,83,3.1,32,13.0,83,3.1,145,12.0,83,3.1,18,5.0,83,3.1,32,5.0,83,3.1,2697,13.0,83,3.1
2021-04-25,77,15.0,101,3.5,507,10.0,101,3.5,2012,16.0,101,3.5,163,16.0,101,3.5,49,8.0,101,3.5,202,14.0,101,3.5,69,17.0,101,3.5,92,8.0,101,3.5,2922,13.0,101,3.5
2021-04-26,83,17.0,97,2.9,690,12.0,97,2.9,1806,14.0,97,2.9,86,10.0,97,2.9,49,9.0,97,2.9,181,10.0,97,2.9,53,15.0,97,2.9,92,9.0,97,2.9,3306,13.0,97,2.9
2021-04-27,95,21.0,78,2.6,612,11.0,78,2.6,1454,12.0,78,2.6,161,16.0,78,2.6,47,10.0,78,2.6,124,7.0,78,2.6,58,13.0,78,2.6,94,9.0,78,2.6,3031,13.0,78,2.6
2021-04-28,81,18.0,77,2.6,481,10.0,77,2.6,1369,11.0,77,2.6,83,12.0,77,2.6,57,11.0,77,2.6,177,12.0,77,2.6,52,11.0,77,2.6,114,14.0,77,2.6,2955,10.0,77,2.6
2021-04-29,58,13.0,88,3.8,522,10.0,88,3.8,1189,12.0,88,3.8,148,15.0,88,3.8,42,10.0,88,3.8,141,13.0,88,3.8,56,13.0,88,3.8,101,8.0,88,3.8,2341,9.0,88,3.8
2021-04-30,57,15.0,57,2.6,379,10.0,57,2.6,761,10.0,57,2.6,108,15.0,57,2.6,25,7.0,57,2.6,121,8.0,57,2.6,32,14.0,57,2.6,57,7.0,57,2.6,2177,10.0,57,2.6
2021-05-01,62,10.0,60,4.1,242,7.0,60,4.1,811,11.0,60,4.1,45,9.0,60,4.1,19,6.0,60,4.1,94,9.0,60,4.1,46,14.0,60,4.1,60,8.0,60,4.1,1452,10.0,60,4.1
2021-05-02,83,15.0,69,5.1,332,8.0,69,5.1,733,9.0,69,5.1,64,13.0,69,5.1,25,7.0,69,5.1,131,9.0,69,5.1,30,14.0,69,5.1,72,9.0,69,5.1,1359,10.0,69,5.1
2021-05-03,49,11.0,65,3.7,468,10.0,65,3.7,900,10.0,65,3.7,141,15.0,65,3.7,31,8.0,65,3.7,131,8.0,65,3.7,49,16.0,65,3.7,113,11.0,65,3.7,1739,9.0,65,3.7
2021-05-04,52,12.0,61,3.2,377,8.0,61,3.2,860,10.0,61,3.2,84,11.0,61,3.2,65,12.0,61,3.2,116,6.0,61,3.2,58,13.0,61,3.2,105,10.0,61,3.2,1914,9.0,61,3.2
2021-05-05,65,13.0,50,2.9,499,11.0,50,2.9,869,9.0,50,2.9,77,11.0,50,2.9,59,11.0,50,2.9,129,7.0,50,2.9,32,9.0,50,2.9,91,10.0,50,2.9,1742,9.0,50,2.9
2021-05-06,33,8.0,41,2.3,439,9.0,41,2.3,968,11.0,41,2.3,51,9.0,41,2.3,30,7.0,41,2.3,98,8.0,41,2.3,22,8.0,41,2.3,83,8.0,41,2.3,1822,8.0,41,2.3
2021-05-07,61,16.0,37,2.2,300,8.0,37,2.2,506,8.0,37,2.2,77,10.0,37,2.2,51,15.0,37,2.2,84,6.0,37,2.2,39,10.0,37,2.2,68,7.0,37,2.2,1682,10.0,37,2.2
2021-05-08,34,6.0,45,3.5,310,9.0,45,3.5,644,10.0,45,3.5,59,13.0,45,3.5,37,10.0,45,3.5,97,8.0,45,3.5,20,10.0,45,3.5,57,7.0,45,3.5,1285,9.0,45,3.5
2021-05-09,26,5.0,56,4.0,429,10.0,56,4.0,677,9.0,56,4.0,89,11.0,56,4.0,33,9.0,56,4.0,84,9.0,56,4.0,37,13.0,56,4.0,99,10.0,56,4.0,1386,8.0,56,4.0
2021-05-10,45,11.0,38,2.5,300,8.0,38,2.5,526,9.0,38,2.5,96,13.0,38,2.5,16,5.0,38,2.5,94,17.0,38,2.5,37,14.0,38,2.5,194,13.0,38,2.5,1514,9.0,38,2.5
2021-05-11,30,8.0,33,2.7,306,8.0,33,2.7,499,7.0,33,2.7,51,10.0,33,2.7,32,10.0,33,2.7,108,9.0,33,2.7,24,11.0,33,2.7,91,8.0,33,2.7,1230,9.0,33,2.7
2021-05-12,38,13.0,40,3.5,409,12.0,40,3.5,458,9.0,40,3.5,93,15.0,40,3.5,22,9.0,40,3.5,86,5.0,40,3.5,39,16.0,40,3.5,58,14.0,40,3.5,1140,7.0,40,3.5
2021-05-13,33,13.0,31,2.4,265,11.0,31,2.4,343,9.0,31,2.4,73,21.0,31,2.4,11,5.0,31,2.4,96,13.0,31,2.4,21,12.0,31,2.4,58,14.0,31,2.4,1290,10.0,31,2.4
2021-05-14,25,20.0,26,3.1,85,7.0,26,3.1,89,6.0,26,3.1,17,35.0,26,3.1,4,3.0,26,3.1,52,19.0,26,3.1,0,,26,3.1,17,8.0,26,3.1,848,11.0,26,3.1
2021-05-15,10,8.0,22,8.4,84,5.0,22,8.4,141,5.0,22,8.4,26,13.0,22,8.4,8,9.0,22,8.4,56,23.0,22,8.4,9,7.0,22,8.4,13,4.0,22,8.4,261,7.0,22,8.4
2021-05-16,25,11.0,25,6.9,169,7.0,25,6.9,262,5.0,25,6.9,53,20.0,25,6.9,13,8.0,25,6.9,67,27.0,25,6.9,22,14.0,25,6.9,51,12.0,25,6.9,363,7.0,25,6.9
2021-05-17,47,13.0,32,4.6,356,9.0,32,4.6,461,6.0,32,4.6,100,15.0,32,4.6,14,5.0,32,4.6,115,16.0,32,4.6,35,15.0,32,4.6,67,8.0,32,4.6,698,7.0,32,4.6
2021-05-18,32,8.0,30,2.4,456,9.0,30,2.4,481,6.0,30,2.4,157,17.0,30,2.4,19,5.0,30,2.4,151,9.0,30,2.4,33,14.0,30,2.4,110,16.0,30,2.4,1272,8.0,30,2.4
2021-05-19,21,6.0,37,2.3,391,13.0,37,2.3,446,5.0,37,2.3,147,16.0,37,2.3,25,5.0,37,2.3,122,8.0,37,2.3,57,13.0,37,2.3,76,13.0,37,2.3,1608,8.0,37,2.3
2021-05-20,37,9.0,36,2.5,359,9.0,36,2.5,508,7.0,36,2.5,155,17.0,36,2.5,17,4.0,36,2.5,163,10.0,36,2.5,51,13.0,36,2.5,102,15.0,36,2.5,1457,7.0,36,2.5
2021-05-21,28,8.0,26,1.7,281,11.0,26,1.7,338,7.0,26,1.7,100,14.0,26,1.7,22,7.0,26,1.7,118,7.0,26,1.7,47,12.0,26,1.7,78,12.0,26,1.7,1504,8.0,26,1.7
2021-05-22,25,7.0,38,3.7,334,12.0,38,3.7,374,6.0,38,3.7,74,20.0,38,3.7,18,5.0,38,3.7,139,10.0,38,3.7,33,12.0,38,3.7,42,11.0,38,3.7,1028,8.0,38,3.7
2021-05-23,29,8.0,28,2.1,409,12.0,28,2.1,474,6.0,28,2.1,127,15.0,28,2.1,34,10.0,28,2.1,203,21.0,28,2.1,45,14.0,28,2.1,86,15.0,28,2.1,1354,9.0,28,2.1
2021-05-24,55,14.0,25,1.7,407,13.0,25,1.7,420,6.0,25,1.7,160,20.0,25,1.7,40,10.0,25,1.7,167,10.0,25,1.7,54,13.0,25,1.7,133,17.0,25,1.7,1441,8.0,25,1.7
2021-05-25,19,5.0,40,2.4,406,12.0,40,2.4,474,6.0,40,2.4,167,17.0,40,2.4,58,12.0,40,2.4,265,16.0,40,2.4,57,14.0,40,2.4,91,15.0,40,2.4,1675,10.0,40,2.4
2021-05-26,22,3.0,17,1.1,263,10.0,17,1.1,428,7.0,17,1.1,150,20.0,17,1.1,39,11.0,17,1.1,172,19.0,17,1.1,41,11.0,17,1.1,69,12.0,17,1.1,1497,9.0,17,1.1
2021-05-27,47,5.0,22,1.7,379,12.0,22,1.7,349,6.0,22,1.7,81,16.0,22,1.7,41,12.0,22,1.7,235,21.0,22,1.7,34,10.0,22,1.7,40,9.0,22,1.7,1292,8.0,22,1.7
2021-05-28,130,29.0,31,2.3,230,9.0,31,2.3,374,7.0,31,2.3,140,17.0,31,2.3,41,12.0,31,2.3,75,8.0,31,2.3,31,12.0,31,2.3,103,18.0,31,2.3,1358,9.0,31,2.3
2021-05-29,53,6.0,38,3.6,374,13.0,38,3.6,409,7.0,38,3.6,125,23.0,38,3.6,34,12.0,38,3.6,282,16.0,38,3.6,58,17.0,38,3.6,47,11.0,38,3.6,1043,8.0,38,3.6
2021-05-30,20,2.0,34,2.4,402,12.0,34,2.4,442,6.0,34,2.4,204,21.0,34,2.4,45,12.0,34,2.4,234,29.0,34,2.4,70,17.0,34,2.4,109,19.0,34,2.4,1444,10.0,34,2.4
2021-05-31,54,7.0,36,2.1,513,15.0,36,2.1,444,6.0,36,2.1,228,22.0,36,2.1,44,10.0,36,2.1,294,16.0,36,2.1,55,12.0,36,2.1,84,12.0,36,2.1,1710,9.0,36,2.1
2021-06-01,28,8.0,41,2.3,369,11.0,41,2.3,418,5.0,41,2.3,232,21.0,41,2.3,27,8.0,41,2.3,341,14.0,41,2.3,82,18.0,41,2.3,118,16.0,41,2.3,1765,10.0,41,2.3
2021-06-02,54,13.0,34,1.7,467,14.0,34,1.7,337,5.0,34,1.7,206,22.0,34,1.7,43,12.0,34,1.7,293,14.0,34,1.7,85,19.0,34,1.7,71,11.0,34,1.7,1988,10.0,34,1.7
2021-06-03,78,10.0,30,1.8,454,13.0,30,1.8,469,6.0,30,1.8,320,29.0,30,1.8,78,19.0,30,1.8,266,20.0,30,1.8,55,12.0,30,1.8,76,12.0,30,1.8,1687,10.0,30,1.8
2021-06-04,36,10.0,34,1.8,239,9.0,34,1.8,342,7.0,34,1.8,250,23.0,34,1.8,33,9.0,34,1.8,295,24.0,34,1.8,64,12.0,34,1.8,91,16.0,34,1.8,1887,10.0,34,1.8
2021-06-05,18,6.0,43,3.0,309,12.0,43,3.0,361,6.0,43,3.0,167,21.0,43,3.0,32,12.0,43,3.0,385,24.0,43,3.0,100,23.0,43,3.0,53,10.0,43,3.0,1447,11.0,43,3.0
2021-06-06,36,10.0,38,2.3,299,10.0,38,2.3,476,7.0,38,2.3,262,25.0,38,2.3,37,9.0,38,2.3,312,29.0,38,2.3,81,17.0,38,2.3,54,12.0,38,2.3,1676,11.0,38,2.3
2021-06-07,48,12.0,30,1.5,341,10.0,30,1.5,589,9.0,30,1.5,413,31.0,30,1.5,32,7.0,30,1.5,356,20.0,30,1.5,110,24.0,30,1.5,71,10.0,30,1.5,1970,11.0,30,1.5
2021-06-08,53,16.0,44,1.9,353,10.0,44,1.9,560,9.0,44,1.9,469,37.0,44,1.9,39,9.0,44,1.9,467,20.0,44,1.9,109,24.0,44,1.9,94,12.0,44,1.9,2322,12.0,44,1.9
2021-06-09,26,7.0,36,1.4,406,12.0,36,1.4,629,9.0,36,1.4,415,33.0,36,1.4,50,11.0,36,1.4,375,16.0,36,1.4,114,24.0,36,1.4,102,15.0,36,1.4,2537,12.0,36,1.4
2021-06-10,26,6.0,40,1.6,392,12.0,40,1.6,625,9.0,40,1.6,551,36.0,40,1.6,74,13.0,40,1.6,375,23.0,40,1.6,113,23.0,40,1.6,96,16.0,40,1.6,2576,13.0,40,1.6
2021-06-11,28,8.0,43,1.8,231,11.0,43,1.8,467,9.0,43,1.8,383,31.0,43,1.8,31,8.0,43,1.8,273,21.0,43,1.8,104,24.0,43,1.8,50,12.0,43,1.8,2454,13.0,43,1.8
2021-06-12,36,10.0,39,2.4,362,13.0,39,2.4,610,10.0,39,2.4,354,36.0,39,2.4,49,12.0,39,2.4,298,25.0,39,2.4,141,28.0,39,2.4,73,11.0,39,2.4,1637,14.0,39,2.4
2021-06-13,52,12.0,47,1.9,608,18.0,47,1.9,795,11.0,47,1.9,548,38.0,47,1.9,59,12.0,47,1.9,380,30.0,47,1.9,140,27.0,47,1.9,87,13.0,47,1.9,2436,13.0,47,1.9
2021-06-14,26,8.0,54,1.8,468,13.0,54,1.8,934,12.0,54,1.8,714,38.0,54,1.8,72,11.0,54,1.8,468,20.0,54,1.8,137,27.0,54,1.8,101,12.0,54,1.8,3050,15.0,54,1.8
2021-06-15,45,11.0,50,1.5,561,15.0,50,1.5,960,12.0,50,1.5,680,39.0,50,1.5,67,15.0,50,1.5,464,27.0,50,1.5,411,32.0,50,1.5,91,10.0,50,1.5,3319,14.0,50,1.5
2021-06-16,50,13.0,60,1.5,458,12.0,60,1.5,1133,14.0,60,1.5,659,40.0,60,1.5,77,13.0,60,1.5,466,22.0,60,1.5,197,27.0,60,1.5,102,14.0,60,1.5,3956,17.0,60,1.5
2021-06-17,65,17.0,63,1.6,528,15.0,63,1.6,1157,14.0,63,1.6,798,41.0,63,1.6,125,21.0,63,1.6,517,23.0,63,1.6,222,36.0,63,1.6,89,15.0,63,1.6,3840,15.0,63,1.6
2021-06-18,75,26.0,54,1.4,313,12.0,54,1.4,867,15.0,54,1.4,513,38.0,54,1.4,75,13.0,54,1.4,557,21.0,54,1.4,130,31.0,54,1.4,68,12.0,54,1.4,3883,19.0,54,1.4
2021-06-19,108,16.0,67,2.2,421,14.0,67,2.2,999,15.0,67,2.2,484,30.0,67,2.2,86,14.0,67,2.2,570,28.0,67,2.2,151,34.0,67,2.2,126,18.0,67,2.2,3057,18.0,67,2.2
2021-06-20,95,24.0,82,2.3,537,16.0,82,2.3,1446,16.0,82,2.3,691,37.0,82,2.3,130,21.0,82,2.3,592,44.0,82,2.3,156,40.0,82,2.3,83,11.0,82,2.3,3641,16.0,82,2.3
2021-06-21,91,22.0,78,1.7,734,18.0,78,1.7,1477,16.0,78,1.7,739,42.0,78,1.7,111,17.0,78,1.7,524,24.0,78,1.7,145,28.0,78,1.7,119,15.0,78,1.7,4636,19.0,78,1.7
2021-06-22,103,23.0,76,1.6,711,19.0,76,1.6,1720,20.0,76,1.6,616,46.0,76,1.6,124,19.0,76,1.6,702,22.0,76,1.6,724,36.0,76,1.6,138,17.0,76,1.6,4846,19.0,76,1.6
2021-06-23,116,30.0,85,1.5,713,18.0,85,1.5,2073,20.0,85,1.5,680,48.0,85,1.5,120,19.0,85,1.5,569,22.0,85,1.5,387,32.0,85,1.5,138,18.0,85,1.5,5727,20.0,85,1.5
2021-06-24,108,22.0,81,1.3,836,19.0,81,1.3,2155,20.0,81,1.3,1069,58.0,81,1.3,116,18.0,81,1.3,674,30.0,81,1.3,244,39.0,81,1.3,189,21.0,81,1.3,6058,20.0,81,1.3
2021-06-25,71,22.0,108,1.8,460,16.0,108,1.8,1507,19.0,108,1.8,642,42.0,108,1.8,109,17.0,108,1.8,378,23.0,108,1.8,133,29.0,108,1.8,140,16.0,108,1.8,5869,21.0,108,1.8
2021-06-26,139,31.0,77,1.8,815,20.0,77,1.8,2041,23.0,77,1.8,910,59.0,77,1.8,230,33.0,77,1.8,726,34.0,77,1.8,325,51.0,77,1.8,81,13.0,77,1.8,4334,23.0,77,1.8
2021-06-27,174,33.0,119,2.3,1211,26.0,119,2.3,2743,23.0,119,2.3,1059,55.0,119,2.3,222,34.0,119,2.3,691,33.0,119,2.3,404,50.0,119,2.3,227,24.0,119,2.3,5268,22.0,119,2.3
2021-06-28,162,34.0,104,1.2,988,20.0,104,1.2,2768,26.0,104,1.2,1116,54.0,104,1.2,231,34.0,104,1.2,913,29.0,104,1.2,368,40.0,104,1.2,257,25.0,104,1.2,8364,24.0,104,1.2
2021-06-29,174,36.0,112,1.5,1177,23.0,112,1.5,2958,25.0,112,1.5,987,57.0,112,1.5,281,45.0,112,1.5,837,33.0,112,1.5,343,43.0,112,1.5,234,26.0,112,1.5,7666,24.0,112,1.5
2021-06-30,163,38.0,115,1.3,1311,28.0,115,1.3,2843,29.0,115,1.3,726,53.0,115,1.3,213,31.0,115,1.3,847,32.0,115,1.3,559,34.0,115,1.3,183,24.0,115,1.3,8822,25.0,115,1.3
2021-07-01,161,34.0,143,1.7,761,26.0,143,1.7,2253,34.0,143,1.7,559,61.0,143,1.7,195,40.0,143,1.7,488,36.0,143,1.7,322,43.0,143,1.7,275,32.0,143,1.7,8301,26.0,143,1.7
2021-07-02,2,4.0,132,1.6,163,19.0,132,1.6,403,26.0,132,1.6,100,38.0,132,1.6,18,23.0,132,1.6,53,11.0,132,1.6,40,51.0,132,1.6,3,10.0,132,1.6,8483,28.0,132,1.6
